accession	study	object_status	bioproject_accession	biosample_accession	sample_name	library_ID	title	library_strategy	library_source	library_selection	library_layout	platform	instrument_model	design_description	filetype	filename	filename2	filename3	filename4	assembly	fasta_file
SRR9913738	SRP217602	new	PRJNA559026	SAMN12511574	57-1	57-1_B6_NYU	16S rRNA of laboratory mouse: adult stool	AMPLICON	METAGENOMIC	PCR	paired	ILLUMINA	Illumina MiSeq	DNA isolation from stool samples was done using the NucleospinSoil Kit (Macherey-Nagel). Bacterial 16S rRNA gene was amplified at the V4 region using primer pairsand paired-end amplicon sequencing was performed on the Illumina MiSeq system.	fastq	57-1_B6_NYU_76_L001_R1_001.fastq.gz	57-1_B6_NYU_76_L001_R2_001.fastq.gz				
SRR9913739	SRP217602	new	PRJNA559026	SAMN12511575	57-2	57-2_B6_NYU	16S rRNA of laboratory mouse: adult stool	AMPLICON	METAGENOMIC	PCR	paired	ILLUMINA	Illumina MiSeq	DNA isolation from stool samples was done using the NucleospinSoil Kit (Macherey-Nagel). Bacterial 16S rRNA gene was amplified at the V4 region using primer pairsand paired-end amplicon sequencing was performed on the Illumina MiSeq system.	fastq	57-2_B6_NYU_148_L001_R1_001.fastq.gz	57-2_B6_NYU_148_L001_R2_001.fastq.gz				
SRR9913740	SRP217602	new	PRJNA559026	SAMN12511576	57-3	57-3_B6_NYU	16S rRNA of laboratory mouse: adult stool	AMPLICON	METAGENOMIC	PCR	paired	ILLUMINA	Illumina MiSeq	DNA isolation from stool samples was done using the NucleospinSoil Kit (Macherey-Nagel). Bacterial 16S rRNA gene was amplified at the V4 region using primer pairsand paired-end amplicon sequencing was performed on the Illumina MiSeq system.	fastq	57-3_B6_NYU_80_L001_R1_001.fastq.gz	57-3_B6_NYU_80_L001_R2_001.fastq.gz				
SRR9913741	SRP217602	new	PRJNA559026	SAMN12511577	57-4	57-4_B6_NYU	16S rRNA of laboratory mouse: adult stool	AMPLICON	METAGENOMIC	PCR	paired	ILLUMINA	Illumina MiSeq	DNA isolation from stool samples was done using the NucleospinSoil Kit (Macherey-Nagel). Bacterial 16S rRNA gene was amplified at the V4 region using primer pairsand paired-end amplicon sequencing was performed on the Illumina MiSeq system.	fastq	57-4_B6_NYU_61_L001_R1_001.fastq.gz	57-4_B6_NYU_61_L001_R2_001.fastq.gz				
SRR9913742	SRP217602	new	PRJNA559026	SAMN12511578	57-5	57-5_B6_NYU	16S rRNA of laboratory mouse: adult stool	AMPLICON	METAGENOMIC	PCR	paired	ILLUMINA	Illumina MiSeq	DNA isolation from stool samples was done using the NucleospinSoil Kit (Macherey-Nagel). Bacterial 16S rRNA gene was amplified at the V4 region using primer pairsand paired-end amplicon sequencing was performed on the Illumina MiSeq system.	fastq	57-5_B6_NYU_6_L001_R1_001.fastq.gz	57-5_B6_NYU_6_L001_R2_001.fastq.gz				
SRR9913743	SRP217602	new	PRJNA559026	SAMN12511579	59-1	59-1_B6_NYU	16S rRNA of laboratory mouse: adult stool	AMPLICON	METAGENOMIC	PCR	paired	ILLUMINA	Illumina MiSeq	DNA isolation from stool samples was done using the NucleospinSoil Kit (Macherey-Nagel). Bacterial 16S rRNA gene was amplified at the V4 region using primer pairsand paired-end amplicon sequencing was performed on the Illumina MiSeq system.	fastq	59-1_B6_NYU_90_L001_R1_001.fastq.gz	59-1_B6_NYU_90_L001_R2_001.fastq.gz				
SRR9913744	SRP217602	new	PRJNA559026	SAMN12511580	59-2	59-2_B6_NYU	16S rRNA of laboratory mouse: adult stool	AMPLICON	METAGENOMIC	PCR	paired	ILLUMINA	Illumina MiSeq	DNA isolation from stool samples was done using the NucleospinSoil Kit (Macherey-Nagel). Bacterial 16S rRNA gene was amplified at the V4 region using primer pairsand paired-end amplicon sequencing was performed on the Illumina MiSeq system.	fastq	59-2_B6_NYU_62_L001_R1_001.fastq.gz	59-2_B6_NYU_62_L001_R2_001.fastq.gz				
SRR9913745	SRP217602	new	PRJNA559026	SAMN12511581	59-3	59-3_B6_NYU	16S rRNA of laboratory mouse: adult stool	AMPLICON	METAGENOMIC	PCR	paired	ILLUMINA	Illumina MiSeq	DNA isolation from stool samples was done using the NucleospinSoil Kit (Macherey-Nagel). Bacterial 16S rRNA gene was amplified at the V4 region using primer pairsand paired-end amplicon sequencing was performed on the Illumina MiSeq system.	fastq	59-3_B6_NYU_54_L001_R1_001.fastq.gz	59-3_B6_NYU_54_L001_R2_001.fastq.gz				
SRR9913647	SRP217602	new	PRJNA559026	SAMN12511582	59-4	59-4_B6_NYU	16S rRNA of laboratory mouse: adult stool	AMPLICON	METAGENOMIC	PCR	paired	ILLUMINA	Illumina MiSeq	DNA isolation from stool samples was done using the NucleospinSoil Kit (Macherey-Nagel). Bacterial 16S rRNA gene was amplified at the V4 region using primer pairsand paired-end amplicon sequencing was performed on the Illumina MiSeq system.	fastq	59-4_B6_NYU_126_L001_R1_001.fastq.gz	59-4_B6_NYU_126_L001_R2_001.fastq.gz				
SRR9913648	SRP217602	new	PRJNA559026	SAMN12511583	59-5	59-5_B6_NYU	16S rRNA of laboratory mouse: adult stool	AMPLICON	METAGENOMIC	PCR	paired	ILLUMINA	Illumina MiSeq	DNA isolation from stool samples was done using the NucleospinSoil Kit (Macherey-Nagel). Bacterial 16S rRNA gene was amplified at the V4 region using primer pairsand paired-end amplicon sequencing was performed on the Illumina MiSeq system.	fastq	59-5_B6_NYU_179_L001_R1_001.fastq.gz	59-5_B6_NYU_179_L001_R2_001.fastq.gz				
SRR9913653	SRP217602	new	PRJNA559026	SAMN12511584	61-1	61-1_NOD2_NYU	16S rRNA of laboratory mouse: adult stool	AMPLICON	METAGENOMIC	PCR	paired	ILLUMINA	Illumina MiSeq	DNA isolation from stool samples was done using the NucleospinSoil Kit (Macherey-Nagel). Bacterial 16S rRNA gene was amplified at the V4 region using primer pairsand paired-end amplicon sequencing was performed on the Illumina MiSeq system.	fastq	61-1_NOD2_NYU_60_L001_R1_001.fastq.gz	61-1_NOD2_NYU_60_L001_R2_001.fastq.gz				
SRR9913654	SRP217602	new	PRJNA559026	SAMN12511585	61-2	61-2_NOD2_NYU	16S rRNA of laboratory mouse: adult stool	AMPLICON	METAGENOMIC	PCR	paired	ILLUMINA	Illumina MiSeq	DNA isolation from stool samples was done using the NucleospinSoil Kit (Macherey-Nagel). Bacterial 16S rRNA gene was amplified at the V4 region using primer pairsand paired-end amplicon sequencing was performed on the Illumina MiSeq system.	fastq	61-2_NOD2_NYU_167_L001_R1_001.fastq.gz	61-2_NOD2_NYU_167_L001_R2_001.fastq.gz				
SRR9913655	SRP217602	new	PRJNA559026	SAMN12511586	61-3	61-3_NOD2_NYU	16S rRNA of laboratory mouse: adult stool	AMPLICON	METAGENOMIC	PCR	paired	ILLUMINA	Illumina MiSeq	DNA isolation from stool samples was done using the NucleospinSoil Kit (Macherey-Nagel). Bacterial 16S rRNA gene was amplified at the V4 region using primer pairsand paired-end amplicon sequencing was performed on the Illumina MiSeq system.	fastq	61-3_NOD2_NYU_96_L001_R1_001.fastq.gz	61-3_NOD2_NYU_96_L001_R2_001.fastq.gz				
SRR9913656	SRP217602	new	PRJNA559026	SAMN12511587	61-4	61-4_NOD2_NYU	16S rRNA of laboratory mouse: adult stool	AMPLICON	METAGENOMIC	PCR	paired	ILLUMINA	Illumina MiSeq	DNA isolation from stool samples was done using the NucleospinSoil Kit (Macherey-Nagel). Bacterial 16S rRNA gene was amplified at the V4 region using primer pairsand paired-end amplicon sequencing was performed on the Illumina MiSeq system.	fastq	61-4_NOD2_NYU_158_L001_R1_001.fastq.gz	61-4_NOD2_NYU_158_L001_R2_001.fastq.gz				
SRR9913649	SRP217602	new	PRJNA559026	SAMN12511588	64-1	64-1_NOD2_NYU	16S rRNA of laboratory mouse: adult stool	AMPLICON	METAGENOMIC	PCR	paired	ILLUMINA	Illumina MiSeq	DNA isolation from stool samples was done using the NucleospinSoil Kit (Macherey-Nagel). Bacterial 16S rRNA gene was amplified at the V4 region using primer pairsand paired-end amplicon sequencing was performed on the Illumina MiSeq system.	fastq	64-1_NOD2_NYU_13_L001_R1_001.fastq.gz	64-1_NOD2_NYU_13_L001_R2_001.fastq.gz				
SRR9913650	SRP217602	new	PRJNA559026	SAMN12511589	64-2	64-2_NOD2_NYU	16S rRNA of laboratory mouse: adult stool	AMPLICON	METAGENOMIC	PCR	paired	ILLUMINA	Illumina MiSeq	DNA isolation from stool samples was done using the NucleospinSoil Kit (Macherey-Nagel). Bacterial 16S rRNA gene was amplified at the V4 region using primer pairsand paired-end amplicon sequencing was performed on the Illumina MiSeq system.	fastq	64-2_NOD2_NYU_156_L001_R1_001.fastq.gz	64-2_NOD2_NYU_156_L001_R2_001.fastq.gz				
SRR9913651	SRP217602	new	PRJNA559026	SAMN12511590	64-3	64-3_NOD2_NYU	16S rRNA of laboratory mouse: adult stool	AMPLICON	METAGENOMIC	PCR	paired	ILLUMINA	Illumina MiSeq	DNA isolation from stool samples was done using the NucleospinSoil Kit (Macherey-Nagel). Bacterial 16S rRNA gene was amplified at the V4 region using primer pairsand paired-end amplicon sequencing was performed on the Illumina MiSeq system.	fastq	64-3_NOD2_NYU_7_L001_R1_001.fastq.gz	64-3_NOD2_NYU_7_L001_R2_001.fastq.gz				
SRR9913652	SRP217602	new	PRJNA559026	SAMN12511591	64-4	64-4_NOD2_NYU	16S rRNA of laboratory mouse: adult stool	AMPLICON	METAGENOMIC	PCR	paired	ILLUMINA	Illumina MiSeq	DNA isolation from stool samples was done using the NucleospinSoil Kit (Macherey-Nagel). Bacterial 16S rRNA gene was amplified at the V4 region using primer pairsand paired-end amplicon sequencing was performed on the Illumina MiSeq system.	fastq	64-4_NOD2_NYU_122_L001_R1_001.fastq.gz	64-4_NOD2_NYU_122_L001_R2_001.fastq.gz				
SRR9913657	SRP217602	new	PRJNA559026	SAMN12511592	64-5	64-5_NOD2_NYU	16S rRNA of laboratory mouse: adult stool	AMPLICON	METAGENOMIC	PCR	paired	ILLUMINA	Illumina MiSeq	DNA isolation from stool samples was done using the NucleospinSoil Kit (Macherey-Nagel). Bacterial 16S rRNA gene was amplified at the V4 region using primer pairsand paired-end amplicon sequencing was performed on the Illumina MiSeq system.	fastq	64-5_NOD2_NYU_175_L001_R1_001.fastq.gz	64-5_NOD2_NYU_175_L001_R2_001.fastq.gz				
SRR9913658	SRP217602	new	PRJNA559026	SAMN12511593	65-1	65-1_NOD2_NYU	16S rRNA of laboratory mouse: adult stool	AMPLICON	METAGENOMIC	PCR	paired	ILLUMINA	Illumina MiSeq	DNA isolation from stool samples was done using the NucleospinSoil Kit (Macherey-Nagel). Bacterial 16S rRNA gene was amplified at the V4 region using primer pairsand paired-end amplicon sequencing was performed on the Illumina MiSeq system.	fastq	65-1_NOD2_NYU_33_L001_R1_001.fastq.gz	65-1_NOD2_NYU_33_L001_R2_001.fastq.gz				
SRR9913677	SRP217602	new	PRJNA559026	SAMN12511594	65-2	65-2_NOD2_NYU	16S rRNA of laboratory mouse: adult stool	AMPLICON	METAGENOMIC	PCR	paired	ILLUMINA	Illumina MiSeq	DNA isolation from stool samples was done using the NucleospinSoil Kit (Macherey-Nagel). Bacterial 16S rRNA gene was amplified at the V4 region using primer pairsand paired-end amplicon sequencing was performed on the Illumina MiSeq system.	fastq	65-2_NOD2_NYU_81_L001_R1_001.fastq.gz	65-2_NOD2_NYU_81_L001_R2_001.fastq.gz				
SRR9913676	SRP217602	new	PRJNA559026	SAMN12511595	65-3	65-3_NOD2_NYU	16S rRNA of laboratory mouse: adult stool	AMPLICON	METAGENOMIC	PCR	paired	ILLUMINA	Illumina MiSeq	DNA isolation from stool samples was done using the NucleospinSoil Kit (Macherey-Nagel). Bacterial 16S rRNA gene was amplified at the V4 region using primer pairsand paired-end amplicon sequencing was performed on the Illumina MiSeq system.	fastq	65-3_NOD2_NYU_120_L001_R1_001.fastq.gz	65-3_NOD2_NYU_120_L001_R2_001.fastq.gz				
SRR9913679	SRP217602	new	PRJNA559026	SAMN12511596	65-4	65-4_NOD2_NYU	16S rRNA of laboratory mouse: adult stool	AMPLICON	METAGENOMIC	PCR	paired	ILLUMINA	Illumina MiSeq	DNA isolation from stool samples was done using the NucleospinSoil Kit (Macherey-Nagel). Bacterial 16S rRNA gene was amplified at the V4 region using primer pairsand paired-end amplicon sequencing was performed on the Illumina MiSeq system.	fastq	65-4_NOD2_NYU_8_L001_R1_001.fastq.gz	65-4_NOD2_NYU_8_L001_R2_001.fastq.gz				
SRR9913678	SRP217602	new	PRJNA559026	SAMN12511597	65-5	65-5_NOD2_NYU	16S rRNA of laboratory mouse: adult stool	AMPLICON	METAGENOMIC	PCR	paired	ILLUMINA	Illumina MiSeq	DNA isolation from stool samples was done using the NucleospinSoil Kit (Macherey-Nagel). Bacterial 16S rRNA gene was amplified at the V4 region using primer pairsand paired-end amplicon sequencing was performed on the Illumina MiSeq system.	fastq	65-5_NOD2_NYU_56_L001_R1_001.fastq.gz	65-5_NOD2_NYU_56_L001_R2_001.fastq.gz				
SRR9913681	SRP217602	new	PRJNA559026	SAMN12511598	66-1	66-1_NOD2_NYU	16S rRNA of laboratory mouse: adult stool	AMPLICON	METAGENOMIC	PCR	paired	ILLUMINA	Illumina MiSeq	DNA isolation from stool samples was done using the NucleospinSoil Kit (Macherey-Nagel). Bacterial 16S rRNA gene was amplified at the V4 region using primer pairsand paired-end amplicon sequencing was performed on the Illumina MiSeq system.	fastq	66-1_NOD2_NYU_185_L001_R1_001.fastq.gz	66-1_NOD2_NYU_185_L001_R2_001.fastq.gz				
SRR9913680	SRP217602	new	PRJNA559026	SAMN12511599	66-2	66-2_NOD2_NYU	16S rRNA of laboratory mouse: adult stool	AMPLICON	METAGENOMIC	PCR	paired	ILLUMINA	Illumina MiSeq	DNA isolation from stool samples was done using the NucleospinSoil Kit (Macherey-Nagel). Bacterial 16S rRNA gene was amplified at the V4 region using primer pairsand paired-end amplicon sequencing was performed on the Illumina MiSeq system.	fastq	66-2_NOD2_NYU_140_L001_R1_001.fastq.gz	66-2_NOD2_NYU_140_L001_R2_001.fastq.gz				
SRR9913683	SRP217602	new	PRJNA559026	SAMN12511600	66-3	66-3_NOD2_NYU	16S rRNA of laboratory mouse: adult stool	AMPLICON	METAGENOMIC	PCR	paired	ILLUMINA	Illumina MiSeq	DNA isolation from stool samples was done using the NucleospinSoil Kit (Macherey-Nagel). Bacterial 16S rRNA gene was amplified at the V4 region using primer pairsand paired-end amplicon sequencing was performed on the Illumina MiSeq system.	fastq	66-3_NOD2_NYU_29_L001_R1_001.fastq.gz	66-3_NOD2_NYU_29_L001_R2_001.fastq.gz				
SRR9913682	SRP217602	new	PRJNA559026	SAMN12511601	66-4	66-4_NOD2_NYU	16S rRNA of laboratory mouse: adult stool	AMPLICON	METAGENOMIC	PCR	paired	ILLUMINA	Illumina MiSeq	DNA isolation from stool samples was done using the NucleospinSoil Kit (Macherey-Nagel). Bacterial 16S rRNA gene was amplified at the V4 region using primer pairsand paired-end amplicon sequencing was performed on the Illumina MiSeq system.	fastq	66-4_NOD2_NYU_34_L001_R1_001.fastq.gz	66-4_NOD2_NYU_34_L001_R2_001.fastq.gz				
SRR9913685	SRP217602	new	PRJNA559026	SAMN12511602	66-5	66-5_NOD2_NYU	16S rRNA of laboratory mouse: adult stool	AMPLICON	METAGENOMIC	PCR	paired	ILLUMINA	Illumina MiSeq	DNA isolation from stool samples was done using the NucleospinSoil Kit (Macherey-Nagel). Bacterial 16S rRNA gene was amplified at the V4 region using primer pairsand paired-end amplicon sequencing was performed on the Illumina MiSeq system.	fastq	66-5_NOD2_NYU_59_L001_R1_001.fastq.gz	66-5_NOD2_NYU_59_L001_R2_001.fastq.gz				
SRR9913684	SRP217602	new	PRJNA559026	SAMN12511603	31-27	31-27_AtgW_NYU	16S rRNA of laboratory mouse: adult stool	AMPLICON	METAGENOMIC	PCR	paired	ILLUMINA	Illumina MiSeq	DNA isolation from stool samples was done using the NucleospinSoil Kit (Macherey-Nagel). Bacterial 16S rRNA gene was amplified at the V4 region using primer pairsand paired-end amplicon sequencing was performed on the Illumina MiSeq system.	fastq	31-27_AtgW_NYU_188_L001_R1_001.fastq.gz	31-27_AtgW_NYU_188_L001_R2_001.fastq.gz				
SRR9913710	SRP217602	new	PRJNA559026	SAMN12511604	31-29	31-29_AtgW_NYU	16S rRNA of laboratory mouse: adult stool	AMPLICON	METAGENOMIC	PCR	paired	ILLUMINA	Illumina MiSeq	DNA isolation from stool samples was done using the NucleospinSoil Kit (Macherey-Nagel). Bacterial 16S rRNA gene was amplified at the V4 region using primer pairsand paired-end amplicon sequencing was performed on the Illumina MiSeq system.	fastq	31-29_AtgW_NYU_79_L001_R1_001.fastq.gz	31-29_AtgW_NYU_79_L001_R2_001.fastq.gz				
SRR9913711	SRP217602	new	PRJNA559026	SAMN12511605	31-31	31-31_AtgW_NYU	16S rRNA of laboratory mouse: adult stool	AMPLICON	METAGENOMIC	PCR	paired	ILLUMINA	Illumina MiSeq	DNA isolation from stool samples was done using the NucleospinSoil Kit (Macherey-Nagel). Bacterial 16S rRNA gene was amplified at the V4 region using primer pairsand paired-end amplicon sequencing was performed on the Illumina MiSeq system.	fastq	31-31_AtgW_NYU_150_L001_R1_001.fastq.gz	31-31_AtgW_NYU_150_L001_R2_001.fastq.gz				
SRR9913708	SRP217602	new	PRJNA559026	SAMN12511606	31-80	31-80_AtgW_NYU	16S rRNA of laboratory mouse: adult stool	AMPLICON	METAGENOMIC	PCR	paired	ILLUMINA	Illumina MiSeq	DNA isolation from stool samples was done using the NucleospinSoil Kit (Macherey-Nagel). Bacterial 16S rRNA gene was amplified at the V4 region using primer pairsand paired-end amplicon sequencing was performed on the Illumina MiSeq system.	fastq	31-80_AtgW_NYU_75_L001_R1_001.fastq.gz	31-80_AtgW_NYU_75_L001_R2_001.fastq.gz				
SRR9913709	SRP217602	new	PRJNA559026	SAMN12511607	31-90	31-90_AtgW_NYU	16S rRNA of laboratory mouse: adult stool	AMPLICON	METAGENOMIC	PCR	paired	ILLUMINA	Illumina MiSeq	DNA isolation from stool samples was done using the NucleospinSoil Kit (Macherey-Nagel). Bacterial 16S rRNA gene was amplified at the V4 region using primer pairsand paired-end amplicon sequencing was performed on the Illumina MiSeq system.	fastq	31-90_AtgW_NYU_23_L001_R1_001.fastq.gz	31-90_AtgW_NYU_23_L001_R2_001.fastq.gz				
SRR9913714	SRP217602	new	PRJNA559026	SAMN12511608	32-1	32-1_AtgW_NYU	16S rRNA of laboratory mouse: adult stool	AMPLICON	METAGENOMIC	PCR	paired	ILLUMINA	Illumina MiSeq	DNA isolation from stool samples was done using the NucleospinSoil Kit (Macherey-Nagel). Bacterial 16S rRNA gene was amplified at the V4 region using primer pairsand paired-end amplicon sequencing was performed on the Illumina MiSeq system.	fastq	32-1_AtgW_NYU_133_L001_R1_001.fastq.gz	32-1_AtgW_NYU_133_L001_R2_001.fastq.gz				
SRR9913715	SRP217602	new	PRJNA559026	SAMN12511609	32-2	32-2_AtgW_NYU	16S rRNA of laboratory mouse: adult stool	AMPLICON	METAGENOMIC	PCR	paired	ILLUMINA	Illumina MiSeq	DNA isolation from stool samples was done using the NucleospinSoil Kit (Macherey-Nagel). Bacterial 16S rRNA gene was amplified at the V4 region using primer pairsand paired-end amplicon sequencing was performed on the Illumina MiSeq system.	fastq	32-2_AtgW_NYU_101_L001_R1_001.fastq.gz	32-2_AtgW_NYU_101_L001_R2_001.fastq.gz				
SRR9913712	SRP217602	new	PRJNA559026	SAMN12511610	32-5	32-5_AtgW_NYU	16S rRNA of laboratory mouse: adult stool	AMPLICON	METAGENOMIC	PCR	paired	ILLUMINA	Illumina MiSeq	DNA isolation from stool samples was done using the NucleospinSoil Kit (Macherey-Nagel). Bacterial 16S rRNA gene was amplified at the V4 region using primer pairsand paired-end amplicon sequencing was performed on the Illumina MiSeq system.	fastq	32-5_AtgW_NYU_136_L001_R1_001.fastq.gz	32-5_AtgW_NYU_136_L001_R2_001.fastq.gz				
SRR9913713	SRP217602	new	PRJNA559026	SAMN12511611	32-8	32-8_AtgW_NYU	16S rRNA of laboratory mouse: adult stool	AMPLICON	METAGENOMIC	PCR	paired	ILLUMINA	Illumina MiSeq	DNA isolation from stool samples was done using the NucleospinSoil Kit (Macherey-Nagel). Bacterial 16S rRNA gene was amplified at the V4 region using primer pairsand paired-end amplicon sequencing was performed on the Illumina MiSeq system.	fastq	32-8_AtgW_NYU_162_L001_R1_001.fastq.gz	32-8_AtgW_NYU_162_L001_R2_001.fastq.gz				
SRR9913716	SRP217602	new	PRJNA559026	SAMN12511612	70-1	70-1_AtgE_NYU	16S rRNA of laboratory mouse: adult stool	AMPLICON	METAGENOMIC	PCR	paired	ILLUMINA	Illumina MiSeq	DNA isolation from stool samples was done using the NucleospinSoil Kit (Macherey-Nagel). Bacterial 16S rRNA gene was amplified at the V4 region using primer pairsand paired-end amplicon sequencing was performed on the Illumina MiSeq system.	fastq	70-1_AtgE_NYU_161_L001_R1_001.fastq.gz	70-1_AtgE_NYU_161_L001_R2_001.fastq.gz				
SRR9913717	SRP217602	new	PRJNA559026	SAMN12511613	70-2	70-2_AtgE_NYU	16S rRNA of laboratory mouse: adult stool	AMPLICON	METAGENOMIC	PCR	paired	ILLUMINA	Illumina MiSeq	DNA isolation from stool samples was done using the NucleospinSoil Kit (Macherey-Nagel). Bacterial 16S rRNA gene was amplified at the V4 region using primer pairsand paired-end amplicon sequencing was performed on the Illumina MiSeq system.	fastq	70-2_AtgE_NYU_135_L001_R1_001.fastq.gz	70-2_AtgE_NYU_135_L001_R2_001.fastq.gz				
SRR9913757	SRP217602	new	PRJNA559026	SAMN12511614	70-3	70-3_AtgE_NYU	16S rRNA of laboratory mouse: adult stool	AMPLICON	METAGENOMIC	PCR	paired	ILLUMINA	Illumina MiSeq	DNA isolation from stool samples was done using the NucleospinSoil Kit (Macherey-Nagel). Bacterial 16S rRNA gene was amplified at the V4 region using primer pairsand paired-end amplicon sequencing was performed on the Illumina MiSeq system.	fastq	70-3_AtgE_NYU_93_L001_R1_001.fastq.gz	70-3_AtgE_NYU_93_L001_R2_001.fastq.gz				
SRR9913756	SRP217602	new	PRJNA559026	SAMN12511615	70-7	70-7_AtgE_NYU	16S rRNA of laboratory mouse: adult stool	AMPLICON	METAGENOMIC	PCR	paired	ILLUMINA	Illumina MiSeq	DNA isolation from stool samples was done using the NucleospinSoil Kit (Macherey-Nagel). Bacterial 16S rRNA gene was amplified at the V4 region using primer pairsand paired-end amplicon sequencing was performed on the Illumina MiSeq system.	fastq	70-7_AtgE_NYU_27_L001_R1_001.fastq.gz	70-7_AtgE_NYU_27_L001_R2_001.fastq.gz				
SRR9913755	SRP217602	new	PRJNA559026	SAMN12511616	70-9	70-9_AtgE_NYU	16S rRNA of laboratory mouse: adult stool	AMPLICON	METAGENOMIC	PCR	paired	ILLUMINA	Illumina MiSeq	DNA isolation from stool samples was done using the NucleospinSoil Kit (Macherey-Nagel). Bacterial 16S rRNA gene was amplified at the V4 region using primer pairsand paired-end amplicon sequencing was performed on the Illumina MiSeq system.	fastq	70-9_AtgE_NYU_142_L001_R1_001.fastq.gz	70-9_AtgE_NYU_142_L001_R2_001.fastq.gz				
SRR9913754	SRP217602	new	PRJNA559026	SAMN12511617	02-3	02-3_AtgE_NYU	16S rRNA of laboratory mouse: adult stool	AMPLICON	METAGENOMIC	PCR	paired	ILLUMINA	Illumina MiSeq	DNA isolation from stool samples was done using the NucleospinSoil Kit (Macherey-Nagel). Bacterial 16S rRNA gene was amplified at the V4 region using primer pairsand paired-end amplicon sequencing was performed on the Illumina MiSeq system.	fastq	02-3_AtgE_NYU_129_L001_R1_001.fastq.gz	02-3_AtgE_NYU_129_L001_R2_001.fastq.gz				
SRR9913753	SRP217602	new	PRJNA559026	SAMN12511618	02-4	02-4_AtgE_NYU	16S rRNA of laboratory mouse: adult stool	AMPLICON	METAGENOMIC	PCR	paired	ILLUMINA	Illumina MiSeq	DNA isolation from stool samples was done using the NucleospinSoil Kit (Macherey-Nagel). Bacterial 16S rRNA gene was amplified at the V4 region using primer pairsand paired-end amplicon sequencing was performed on the Illumina MiSeq system.	fastq	02-4_AtgE_NYU_70_L001_R1_001.fastq.gz	02-4_AtgE_NYU_70_L001_R2_001.fastq.gz				
SRR9913752	SRP217602	new	PRJNA559026	SAMN12511619	02-7	02-7_AtgE_NYU	16S rRNA of laboratory mouse: adult stool	AMPLICON	METAGENOMIC	PCR	paired	ILLUMINA	Illumina MiSeq	DNA isolation from stool samples was done using the NucleospinSoil Kit (Macherey-Nagel). Bacterial 16S rRNA gene was amplified at the V4 region using primer pairsand paired-end amplicon sequencing was performed on the Illumina MiSeq system.	fastq	02-7_AtgE_NYU_74_L001_R1_001.fastq.gz	02-7_AtgE_NYU_74_L001_R2_001.fastq.gz				
SRR9913751	SRP217602	new	PRJNA559026	SAMN12511620	02-8	02-8_AtgE_NYU	16S rRNA of laboratory mouse: adult stool	AMPLICON	METAGENOMIC	PCR	paired	ILLUMINA	Illumina MiSeq	DNA isolation from stool samples was done using the NucleospinSoil Kit (Macherey-Nagel). Bacterial 16S rRNA gene was amplified at the V4 region using primer pairsand paired-end amplicon sequencing was performed on the Illumina MiSeq system.	fastq	02-8_AtgE_NYU_68_L001_R1_001.fastq.gz	02-8_AtgE_NYU_68_L001_R2_001.fastq.gz				
SRR9913750	SRP217602	new	PRJNA559026	SAMN12511621	02-9	02-9_AtgE_NYU	16S rRNA of laboratory mouse: adult stool	AMPLICON	METAGENOMIC	PCR	paired	ILLUMINA	Illumina MiSeq	DNA isolation from stool samples was done using the NucleospinSoil Kit (Macherey-Nagel). Bacterial 16S rRNA gene was amplified at the V4 region using primer pairsand paired-end amplicon sequencing was performed on the Illumina MiSeq system.	fastq	02-9_AtgE_NYU_66_L001_R1_001.fastq.gz	02-9_AtgE_NYU_66_L001_R2_001.fastq.gz				
SRR9913759	SRP217602	new	PRJNA559026	SAMN12511622	76-1	76-1_AtgE_NYU	16S rRNA of laboratory mouse: adult stool	AMPLICON	METAGENOMIC	PCR	paired	ILLUMINA	Illumina MiSeq	DNA isolation from stool samples was done using the NucleospinSoil Kit (Macherey-Nagel). Bacterial 16S rRNA gene was amplified at the V4 region using primer pairsand paired-end amplicon sequencing was performed on the Illumina MiSeq system.	fastq	76-1_AtgE_NYU_160_L001_R1_001.fastq.gz	76-1_AtgE_NYU_160_L001_R2_001.fastq.gz				
SRR9913758	SRP217602	new	PRJNA559026	SAMN12511623	76-2	76-2_AtgE_NYU	16S rRNA of laboratory mouse: adult stool	AMPLICON	METAGENOMIC	PCR	paired	ILLUMINA	Illumina MiSeq	DNA isolation from stool samples was done using the NucleospinSoil Kit (Macherey-Nagel). Bacterial 16S rRNA gene was amplified at the V4 region using primer pairsand paired-end amplicon sequencing was performed on the Illumina MiSeq system.	fastq	76-2_AtgE_NYU_166_L001_R1_001.fastq.gz	76-2_AtgE_NYU_166_L001_R2_001.fastq.gz				
SRR9913576	SRP217602	new	PRJNA559026	SAMN12511624	76-3	76-3_AtgE_NYU	16S rRNA of laboratory mouse: adult stool	AMPLICON	METAGENOMIC	PCR	paired	ILLUMINA	Illumina MiSeq	DNA isolation from stool samples was done using the NucleospinSoil Kit (Macherey-Nagel). Bacterial 16S rRNA gene was amplified at the V4 region using primer pairsand paired-end amplicon sequencing was performed on the Illumina MiSeq system.	fastq	76-3_AtgE_NYU_25_L001_R1_001.fastq.gz	76-3_AtgE_NYU_25_L001_R2_001.fastq.gz				
SRR9913577	SRP217602	new	PRJNA559026	SAMN12511625	76-4	76-4_AtgE_NYU	16S rRNA of laboratory mouse: adult stool	AMPLICON	METAGENOMIC	PCR	paired	ILLUMINA	Illumina MiSeq	DNA isolation from stool samples was done using the NucleospinSoil Kit (Macherey-Nagel). Bacterial 16S rRNA gene was amplified at the V4 region using primer pairsand paired-end amplicon sequencing was performed on the Illumina MiSeq system.	fastq	76-4_AtgE_NYU_181_L001_R1_001.fastq.gz	76-4_AtgE_NYU_181_L001_R2_001.fastq.gz				
SRR9913578	SRP217602	new	PRJNA559026	SAMN12511626	76-5	76-5_AtgE_NYU	16S rRNA of laboratory mouse: adult stool	AMPLICON	METAGENOMIC	PCR	paired	ILLUMINA	Illumina MiSeq	DNA isolation from stool samples was done using the NucleospinSoil Kit (Macherey-Nagel). Bacterial 16S rRNA gene was amplified at the V4 region using primer pairsand paired-end amplicon sequencing was performed on the Illumina MiSeq system.	fastq	76-5_AtgE_NYU_143_L001_R1_001.fastq.gz	76-5_AtgE_NYU_143_L001_R2_001.fastq.gz				
SRR9913579	SRP217602	new	PRJNA559026	SAMN12511627	71-3	71-3_AtgE_NYU	16S rRNA of laboratory mouse: adult stool	AMPLICON	METAGENOMIC	PCR	paired	ILLUMINA	Illumina MiSeq	DNA isolation from stool samples was done using the NucleospinSoil Kit (Macherey-Nagel). Bacterial 16S rRNA gene was amplified at the V4 region using primer pairsand paired-end amplicon sequencing was performed on the Illumina MiSeq system.	fastq	71-3_AtgE_NYU_42_L001_R1_001.fastq.gz	71-3_AtgE_NYU_42_L001_R2_001.fastq.gz				
SRR9913580	SRP217602	new	PRJNA559026	SAMN12511628	71-6	71-6_AtgE_NYU	16S rRNA of laboratory mouse: adult stool	AMPLICON	METAGENOMIC	PCR	paired	ILLUMINA	Illumina MiSeq	DNA isolation from stool samples was done using the NucleospinSoil Kit (Macherey-Nagel). Bacterial 16S rRNA gene was amplified at the V4 region using primer pairsand paired-end amplicon sequencing was performed on the Illumina MiSeq system.	fastq	71-6_AtgE_NYU_102_L001_R1_001.fastq.gz	71-6_AtgE_NYU_102_L001_R2_001.fastq.gz				
SRR9913581	SRP217602	new	PRJNA559026	SAMN12511629	71-7	71-7_AtgE_NYU	16S rRNA of laboratory mouse: adult stool	AMPLICON	METAGENOMIC	PCR	paired	ILLUMINA	Illumina MiSeq	DNA isolation from stool samples was done using the NucleospinSoil Kit (Macherey-Nagel). Bacterial 16S rRNA gene was amplified at the V4 region using primer pairsand paired-end amplicon sequencing was performed on the Illumina MiSeq system.	fastq	71-7_AtgE_NYU_121_L001_R1_001.fastq.gz	71-7_AtgE_NYU_121_L001_R2_001.fastq.gz				
SRR9913582	SRP217602	new	PRJNA559026	SAMN12511630	71-8	71-8_AtgE_NYU	16S rRNA of laboratory mouse: adult stool	AMPLICON	METAGENOMIC	PCR	paired	ILLUMINA	Illumina MiSeq	DNA isolation from stool samples was done using the NucleospinSoil Kit (Macherey-Nagel). Bacterial 16S rRNA gene was amplified at the V4 region using primer pairsand paired-end amplicon sequencing was performed on the Illumina MiSeq system.	fastq	71-8_AtgE_NYU_144_L001_R1_001.fastq.gz	71-8_AtgE_NYU_144_L001_R2_001.fastq.gz				
SRR9913583	SRP217602	new	PRJNA559026	SAMN12511631	71-9	71-9_AtgE_NYU	16S rRNA of laboratory mouse: adult stool	AMPLICON	METAGENOMIC	PCR	paired	ILLUMINA	Illumina MiSeq	DNA isolation from stool samples was done using the NucleospinSoil Kit (Macherey-Nagel). Bacterial 16S rRNA gene was amplified at the V4 region using primer pairsand paired-end amplicon sequencing was performed on the Illumina MiSeq system.	fastq	71-9_AtgE_NYU_168_L001_R1_001.fastq.gz	71-9_AtgE_NYU_168_L001_R2_001.fastq.gz				
SRR9913584	SRP217602	new	PRJNA559026	SAMN12511632	77-76	77-76_AtgH_NYU	16S rRNA of laboratory mouse: adult stool	AMPLICON	METAGENOMIC	PCR	paired	ILLUMINA	Illumina MiSeq	DNA isolation from stool samples was done using the NucleospinSoil Kit (Macherey-Nagel). Bacterial 16S rRNA gene was amplified at the V4 region using primer pairsand paired-end amplicon sequencing was performed on the Illumina MiSeq system.	fastq	77-76_AtgH_NYU_46_L001_R1_001.fastq.gz	77-76_AtgH_NYU_46_L001_R2_001.fastq.gz				
SRR9913585	SRP217602	new	PRJNA559026	SAMN12511633	77-77	77-77_AtgH_NYU	16S rRNA of laboratory mouse: adult stool	AMPLICON	METAGENOMIC	PCR	paired	ILLUMINA	Illumina MiSeq	DNA isolation from stool samples was done using the NucleospinSoil Kit (Macherey-Nagel). Bacterial 16S rRNA gene was amplified at the V4 region using primer pairsand paired-end amplicon sequencing was performed on the Illumina MiSeq system.	fastq	77-77_AtgH_NYU_89_L001_R1_001.fastq.gz	77-77_AtgH_NYU_89_L001_R2_001.fastq.gz				
SRR9913593	SRP217602	new	PRJNA559026	SAMN12511634	77-78	77-78_AtgH_NYU	16S rRNA of laboratory mouse: adult stool	AMPLICON	METAGENOMIC	PCR	paired	ILLUMINA	Illumina MiSeq	DNA isolation from stool samples was done using the NucleospinSoil Kit (Macherey-Nagel). Bacterial 16S rRNA gene was amplified at the V4 region using primer pairsand paired-end amplicon sequencing was performed on the Illumina MiSeq system.	fastq	77-78_AtgH_NYU_128_L001_R1_001.fastq.gz	77-78_AtgH_NYU_128_L001_R2_001.fastq.gz				
SRR9913592	SRP217602	new	PRJNA559026	SAMN12511635	77-79	77-79_AtgH_NYU	16S rRNA of laboratory mouse: adult stool	AMPLICON	METAGENOMIC	PCR	paired	ILLUMINA	Illumina MiSeq	DNA isolation from stool samples was done using the NucleospinSoil Kit (Macherey-Nagel). Bacterial 16S rRNA gene was amplified at the V4 region using primer pairsand paired-end amplicon sequencing was performed on the Illumina MiSeq system.	fastq	77-79_AtgH_NYU_107_L001_R1_001.fastq.gz	77-79_AtgH_NYU_107_L001_R2_001.fastq.gz				
SRR9913595	SRP217602	new	PRJNA559026	SAMN12511636	77-80	77-80_AtgH_NYU	16S rRNA of laboratory mouse: adult stool	AMPLICON	METAGENOMIC	PCR	paired	ILLUMINA	Illumina MiSeq	DNA isolation from stool samples was done using the NucleospinSoil Kit (Macherey-Nagel). Bacterial 16S rRNA gene was amplified at the V4 region using primer pairsand paired-end amplicon sequencing was performed on the Illumina MiSeq system.	fastq	77-80_AtgH_NYU_183_L001_R1_001.fastq.gz	77-80_AtgH_NYU_183_L001_R2_001.fastq.gz				
SRR9913594	SRP217602	new	PRJNA559026	SAMN12511637	82-92	82-92_AtgH_NYU	16S rRNA of laboratory mouse: adult stool	AMPLICON	METAGENOMIC	PCR	paired	ILLUMINA	Illumina MiSeq	DNA isolation from stool samples was done using the NucleospinSoil Kit (Macherey-Nagel). Bacterial 16S rRNA gene was amplified at the V4 region using primer pairsand paired-end amplicon sequencing was performed on the Illumina MiSeq system.	fastq	82-92_AtgH_NYU_83_L001_R1_001.fastq.gz	82-92_AtgH_NYU_83_L001_R2_001.fastq.gz				
SRR9913589	SRP217602	new	PRJNA559026	SAMN12511638	82-94	82-94_AtgH_NYU	16S rRNA of laboratory mouse: adult stool	AMPLICON	METAGENOMIC	PCR	paired	ILLUMINA	Illumina MiSeq	DNA isolation from stool samples was done using the NucleospinSoil Kit (Macherey-Nagel). Bacterial 16S rRNA gene was amplified at the V4 region using primer pairsand paired-end amplicon sequencing was performed on the Illumina MiSeq system.	fastq	82-94_AtgH_NYU_35_L001_R1_001.fastq.gz	82-94_AtgH_NYU_35_L001_R2_001.fastq.gz				
SRR9913588	SRP217602	new	PRJNA559026	SAMN12511639	82-5	82-5_AtgH_NYU	16S rRNA of laboratory mouse: adult stool	AMPLICON	METAGENOMIC	PCR	paired	ILLUMINA	Illumina MiSeq	DNA isolation from stool samples was done using the NucleospinSoil Kit (Macherey-Nagel). Bacterial 16S rRNA gene was amplified at the V4 region using primer pairsand paired-end amplicon sequencing was performed on the Illumina MiSeq system.	fastq	82-5_AtgH_NYU_184_L001_R1_001.fastq.gz	82-5_AtgH_NYU_184_L001_R2_001.fastq.gz				
SRR9913591	SRP217602	new	PRJNA559026	SAMN12511640	82-7	82-7_AtgH_NYU	16S rRNA of laboratory mouse: adult stool	AMPLICON	METAGENOMIC	PCR	paired	ILLUMINA	Illumina MiSeq	DNA isolation from stool samples was done using the NucleospinSoil Kit (Macherey-Nagel). Bacterial 16S rRNA gene was amplified at the V4 region using primer pairsand paired-end amplicon sequencing was performed on the Illumina MiSeq system.	fastq	82-7_AtgH_NYU_114_L001_R1_001.fastq.gz	82-7_AtgH_NYU_114_L001_R2_001.fastq.gz				
SRR9913590	SRP217602	new	PRJNA559026	SAMN12511641	82-8	82-8_AtgH_NYU	16S rRNA of laboratory mouse: adult stool	AMPLICON	METAGENOMIC	PCR	paired	ILLUMINA	Illumina MiSeq	DNA isolation from stool samples was done using the NucleospinSoil Kit (Macherey-Nagel). Bacterial 16S rRNA gene was amplified at the V4 region using primer pairsand paired-end amplicon sequencing was performed on the Illumina MiSeq system.	fastq	82-8_AtgH_NYU_73_L001_R1_001.fastq.gz	82-8_AtgH_NYU_73_L001_R2_001.fastq.gz				
SRR9913587	SRP217602	new	PRJNA559026	SAMN12511642	30-21	30-21_AtgH_NYU	16S rRNA of laboratory mouse: adult stool	AMPLICON	METAGENOMIC	PCR	paired	ILLUMINA	Illumina MiSeq	DNA isolation from stool samples was done using the NucleospinSoil Kit (Macherey-Nagel). Bacterial 16S rRNA gene was amplified at the V4 region using primer pairsand paired-end amplicon sequencing was performed on the Illumina MiSeq system.	fastq	30-21_AtgH_NYU_190_L001_R1_001.fastq.gz	30-21_AtgH_NYU_190_L001_R2_001.fastq.gz				
SRR9913586	SRP217602	new	PRJNA559026	SAMN12511643	30-9	30-9_AtgH_NYU	16S rRNA of laboratory mouse: adult stool	AMPLICON	METAGENOMIC	PCR	paired	ILLUMINA	Illumina MiSeq	DNA isolation from stool samples was done using the NucleospinSoil Kit (Macherey-Nagel). Bacterial 16S rRNA gene was amplified at the V4 region using primer pairsand paired-end amplicon sequencing was performed on the Illumina MiSeq system.	fastq	30-9_AtgH_NYU_40_L001_R1_001.fastq.gz	30-9_AtgH_NYU_40_L001_R2_001.fastq.gz				
SRR9913624	SRP217602	new	PRJNA559026	SAMN12511644	30-10	30-10_AtgH_NYU	16S rRNA of laboratory mouse: adult stool	AMPLICON	METAGENOMIC	PCR	paired	ILLUMINA	Illumina MiSeq	DNA isolation from stool samples was done using the NucleospinSoil Kit (Macherey-Nagel). Bacterial 16S rRNA gene was amplified at the V4 region using primer pairsand paired-end amplicon sequencing was performed on the Illumina MiSeq system.	fastq	30-10_AtgH_NYU_105_L001_R1_001.fastq.gz	30-10_AtgH_NYU_105_L001_R2_001.fastq.gz				
SRR9913625	SRP217602	new	PRJNA559026	SAMN12511645	30-33	30-33_AtgH_NYU	16S rRNA of laboratory mouse: adult stool	AMPLICON	METAGENOMIC	PCR	paired	ILLUMINA	Illumina MiSeq	DNA isolation from stool samples was done using the NucleospinSoil Kit (Macherey-Nagel). Bacterial 16S rRNA gene was amplified at the V4 region using primer pairsand paired-end amplicon sequencing was performed on the Illumina MiSeq system.	fastq	30-33_AtgH_NYU_88_L001_R1_001.fastq.gz	30-33_AtgH_NYU_88_L001_R2_001.fastq.gz				
SRR9913622	SRP217602	new	PRJNA559026	SAMN12511646	30-36	30-36_AtgH_NYU	16S rRNA of laboratory mouse: adult stool	AMPLICON	METAGENOMIC	PCR	paired	ILLUMINA	Illumina MiSeq	DNA isolation from stool samples was done using the NucleospinSoil Kit (Macherey-Nagel). Bacterial 16S rRNA gene was amplified at the V4 region using primer pairsand paired-end amplicon sequencing was performed on the Illumina MiSeq system.	fastq	30-36_AtgH_NYU_110_L001_R1_001.fastq.gz	30-36_AtgH_NYU_110_L001_R2_001.fastq.gz				
SRR9913623	SRP217602	new	PRJNA559026	SAMN12511647	78-84	78-84_AtgH_NYU	16S rRNA of laboratory mouse: adult stool	AMPLICON	METAGENOMIC	PCR	paired	ILLUMINA	Illumina MiSeq	DNA isolation from stool samples was done using the NucleospinSoil Kit (Macherey-Nagel). Bacterial 16S rRNA gene was amplified at the V4 region using primer pairsand paired-end amplicon sequencing was performed on the Illumina MiSeq system.	fastq	78-84_AtgH_NYU_5_L001_R1_001.fastq.gz	78-84_AtgH_NYU_5_L001_R2_001.fastq.gz				
SRR9913620	SRP217602	new	PRJNA559026	SAMN12511648	78-85	78-85_AtgH_NYU	16S rRNA of laboratory mouse: adult stool	AMPLICON	METAGENOMIC	PCR	paired	ILLUMINA	Illumina MiSeq	DNA isolation from stool samples was done using the NucleospinSoil Kit (Macherey-Nagel). Bacterial 16S rRNA gene was amplified at the V4 region using primer pairsand paired-end amplicon sequencing was performed on the Illumina MiSeq system.	fastq	78-85_AtgH_NYU_106_L001_R1_001.fastq.gz	78-85_AtgH_NYU_106_L001_R2_001.fastq.gz				
SRR9913621	SRP217602	new	PRJNA559026	SAMN12511649	86-3	86-3_AtgH_NYU	16S rRNA of laboratory mouse: adult stool	AMPLICON	METAGENOMIC	PCR	paired	ILLUMINA	Illumina MiSeq	DNA isolation from stool samples was done using the NucleospinSoil Kit (Macherey-Nagel). Bacterial 16S rRNA gene was amplified at the V4 region using primer pairsand paired-end amplicon sequencing was performed on the Illumina MiSeq system.	fastq	86-3_AtgH_NYU_52_L001_R1_001.fastq.gz	86-3_AtgH_NYU_52_L001_R2_001.fastq.gz				
SRR9913618	SRP217602	new	PRJNA559026	SAMN12511650	86-6	86-6_AtgH_NYU	16S rRNA of laboratory mouse: adult stool	AMPLICON	METAGENOMIC	PCR	paired	ILLUMINA	Illumina MiSeq	DNA isolation from stool samples was done using the NucleospinSoil Kit (Macherey-Nagel). Bacterial 16S rRNA gene was amplified at the V4 region using primer pairsand paired-end amplicon sequencing was performed on the Illumina MiSeq system.	fastq	86-6_AtgH_NYU_44_L001_R1_001.fastq.gz	86-6_AtgH_NYU_44_L001_R2_001.fastq.gz				
SRR9913619	SRP217602	new	PRJNA559026	SAMN12511651	86-7	86-7_AtgH_NYU	16S rRNA of laboratory mouse: adult stool	AMPLICON	METAGENOMIC	PCR	paired	ILLUMINA	Illumina MiSeq	DNA isolation from stool samples was done using the NucleospinSoil Kit (Macherey-Nagel). Bacterial 16S rRNA gene was amplified at the V4 region using primer pairsand paired-end amplicon sequencing was performed on the Illumina MiSeq system.	fastq	86-7_AtgH_NYU_153_L001_R1_001.fastq.gz	86-7_AtgH_NYU_153_L001_R2_001.fastq.gz				
SRR9913616	SRP217602	new	PRJNA559026	SAMN12511652	86-8	86-8_AtgH_NYU	16S rRNA of laboratory mouse: adult stool	AMPLICON	METAGENOMIC	PCR	paired	ILLUMINA	Illumina MiSeq	DNA isolation from stool samples was done using the NucleospinSoil Kit (Macherey-Nagel). Bacterial 16S rRNA gene was amplified at the V4 region using primer pairsand paired-end amplicon sequencing was performed on the Illumina MiSeq system.	fastq	86-8_AtgH_NYU_111_L001_R1_001.fastq.gz	86-8_AtgH_NYU_111_L001_R2_001.fastq.gz				
SRR9913617	SRP217602	new	PRJNA559026	SAMN12511653	86-9	86-9_AtgH_NYU	16S rRNA of laboratory mouse: adult stool	AMPLICON	METAGENOMIC	PCR	paired	ILLUMINA	Illumina MiSeq	DNA isolation from stool samples was done using the NucleospinSoil Kit (Macherey-Nagel). Bacterial 16S rRNA gene was amplified at the V4 region using primer pairsand paired-end amplicon sequencing was performed on the Illumina MiSeq system.	fastq	86-9_AtgH_NYU_15_L001_R1_001.fastq.gz	86-9_AtgH_NYU_15_L001_R2_001.fastq.gz				
SRR9913609	SRP217602	new	PRJNA559026	SAMN12511654	505150	50_51_50_B6_SF	16S rRNA of rewilded mouse: adult stool	AMPLICON	METAGENOMIC	PCR	paired	ILLUMINA	Illumina MiSeq	DNA isolation from stool samples was done using the NucleospinSoil Kit (Macherey-Nagel). Bacterial 16S rRNA gene was amplified at the V4 region using primer pairsand paired-end amplicon sequencing was performed on the Illumina MiSeq system.	fastq	50_51_50_B6_SF_31_L001_R1_001.fastq.gz	50_51_50_B6_SF_31_L001_R2_001.fastq.gz				
SRR9913608	SRP217602	new	PRJNA559026	SAMN12511655	515553	51_55_53_B6_SF	16S rRNA of rewilded mouse: adult stool	AMPLICON	METAGENOMIC	PCR	paired	ILLUMINA	Illumina MiSeq	DNA isolation from stool samples was done using the NucleospinSoil Kit (Macherey-Nagel). Bacterial 16S rRNA gene was amplified at the V4 region using primer pairsand paired-end amplicon sequencing was performed on the Illumina MiSeq system.	fastq	51_55_53_B6_SF_17_L001_R1_001.fastq.gz	51_55_53_B6_SF_17_L001_R2_001.fastq.gz				
SRR9913607	SRP217602	new	PRJNA559026	SAMN12511656	515654	51_56_54_B6_SF	16S rRNA of rewilded mouse: adult stool	AMPLICON	METAGENOMIC	PCR	paired	ILLUMINA	Illumina MiSeq	DNA isolation from stool samples was done using the NucleospinSoil Kit (Macherey-Nagel). Bacterial 16S rRNA gene was amplified at the V4 region using primer pairsand paired-end amplicon sequencing was performed on the Illumina MiSeq system.	fastq	51_56_54_B6_SF_165_L001_R1_001.fastq.gz	51_56_54_B6_SF_165_L001_R2_001.fastq.gz				
SRR9913606	SRP217602	new	PRJNA559026	SAMN12511657	515255	51_52_55_B6_SF	16S rRNA of rewilded mouse: adult stool	AMPLICON	METAGENOMIC	PCR	paired	ILLUMINA	Illumina MiSeq	DNA isolation from stool samples was done using the NucleospinSoil Kit (Macherey-Nagel). Bacterial 16S rRNA gene was amplified at the V4 region using primer pairsand paired-end amplicon sequencing was performed on the Illumina MiSeq system.	fastq	51_52_55_B6_SF_28_L001_R1_001.fastq.gz	51_52_55_B6_SF_28_L001_R2_001.fastq.gz				
SRR9913613	SRP217602	new	PRJNA559026	SAMN12511658	505148	50_51_48_B6_SF	16S rRNA of rewilded mouse: adult stool	AMPLICON	METAGENOMIC	PCR	paired	ILLUMINA	Illumina MiSeq	DNA isolation from stool samples was done using the NucleospinSoil Kit (Macherey-Nagel). Bacterial 16S rRNA gene was amplified at the V4 region using primer pairsand paired-end amplicon sequencing was performed on the Illumina MiSeq system.	fastq	50_51_48_B6_SF_157_L001_R1_001.fastq.gz	50_51_48_B6_SF_157_L001_R2_001.fastq.gz				
SRR9913612	SRP217602	new	PRJNA559026	SAMN12511659	504849	50_48_49_B6_SF	16S rRNA of rewilded mouse: adult stool	AMPLICON	METAGENOMIC	PCR	paired	ILLUMINA	Illumina MiSeq	DNA isolation from stool samples was done using the NucleospinSoil Kit (Macherey-Nagel). Bacterial 16S rRNA gene was amplified at the V4 region using primer pairsand paired-end amplicon sequencing was performed on the Illumina MiSeq system.	fastq	50_48_49_B6_SF_50_L001_R1_001.fastq.gz	50_48_49_B6_SF_50_L001_R2_001.fastq.gz				
SRR9913611	SRP217602	new	PRJNA559026	SAMN12511660	505551	50_55_51_B6_SF	16S rRNA of rewilded mouse: adult stool	AMPLICON	METAGENOMIC	PCR	paired	ILLUMINA	Illumina MiSeq	DNA isolation from stool samples was done using the NucleospinSoil Kit (Macherey-Nagel). Bacterial 16S rRNA gene was amplified at the V4 region using primer pairsand paired-end amplicon sequencing was performed on the Illumina MiSeq system.	fastq	50_55_51_B6_SF_138_L001_R1_001.fastq.gz	50_55_51_B6_SF_138_L001_R2_001.fastq.gz				
SRR9913610	SRP217602	new	PRJNA559026	SAMN12511661	515450	51_54_50_NOD2_SF	16S rRNA of rewilded mouse: adult stool	AMPLICON	METAGENOMIC	PCR	paired	ILLUMINA	Illumina MiSeq	DNA isolation from stool samples was done using the NucleospinSoil Kit (Macherey-Nagel). Bacterial 16S rRNA gene was amplified at the V4 region using primer pairsand paired-end amplicon sequencing was performed on the Illumina MiSeq system.	fastq	51_54_50_NOD2_SF_108_L001_R1_001.fastq.gz	51_54_50_NOD2_SF_108_L001_R2_001.fastq.gz				
SRR9913615	SRP217602	new	PRJNA559026	SAMN12511662	515251	51_52_51_NOD2_SF	16S rRNA of rewilded mouse: adult stool	AMPLICON	METAGENOMIC	PCR	paired	ILLUMINA	Illumina MiSeq	DNA isolation from stool samples was done using the NucleospinSoil Kit (Macherey-Nagel). Bacterial 16S rRNA gene was amplified at the V4 region using primer pairsand paired-end amplicon sequencing was performed on the Illumina MiSeq system.	fastq	51_52_51_NOD2_SF_58_L001_R1_001.fastq.gz	51_52_51_NOD2_SF_58_L001_R2_001.fastq.gz				
SRR9913614	SRP217602	new	PRJNA559026	SAMN12511663	515050	51_50_50_NOD2_SF	16S rRNA of rewilded mouse: adult stool	AMPLICON	METAGENOMIC	PCR	paired	ILLUMINA	Illumina MiSeq	DNA isolation from stool samples was done using the NucleospinSoil Kit (Macherey-Nagel). Bacterial 16S rRNA gene was amplified at the V4 region using primer pairsand paired-end amplicon sequencing was performed on the Illumina MiSeq system.	fastq	51_50_50_NOD2_SF_113_L001_R1_001.fastq.gz	51_50_50_NOD2_SF_113_L001_R2_001.fastq.gz				
SRR9913671	SRP217602	new	PRJNA559026	SAMN12511664	515048	51_50_48_NOD2_SF	16S rRNA of rewilded mouse: adult stool	AMPLICON	METAGENOMIC	PCR	paired	ILLUMINA	Illumina MiSeq	DNA isolation from stool samples was done using the NucleospinSoil Kit (Macherey-Nagel). Bacterial 16S rRNA gene was amplified at the V4 region using primer pairsand paired-end amplicon sequencing was performed on the Illumina MiSeq system.	fastq	51_50_48_NOD2_SF_1_L001_R1_001.fastq.gz	51_50_48_NOD2_SF_1_L001_R2_001.fastq.gz				
SRR9913672	SRP217602	new	PRJNA559026	SAMN12511665	504857	50_48_57_NOD2_SF	16S rRNA of rewilded mouse: adult stool	AMPLICON	METAGENOMIC	PCR	paired	ILLUMINA	Illumina MiSeq	DNA isolation from stool samples was done using the NucleospinSoil Kit (Macherey-Nagel). Bacterial 16S rRNA gene was amplified at the V4 region using primer pairsand paired-end amplicon sequencing was performed on the Illumina MiSeq system.	fastq	50_48_57_NOD2_SF_26_L001_R1_001.fastq.gz	50_48_57_NOD2_SF_26_L001_R2_001.fastq.gz				
SRR9913694	SRP217602	new	PRJNA559026	SAMN12511666	505750	50_57_50_NOD2_SF	16S rRNA of rewilded mouse: adult stool	AMPLICON	METAGENOMIC	PCR	paired	ILLUMINA	Illumina MiSeq	DNA isolation from stool samples was done using the NucleospinSoil Kit (Macherey-Nagel). Bacterial 16S rRNA gene was amplified at the V4 region using primer pairsand paired-end amplicon sequencing was performed on the Illumina MiSeq system.	fastq	50_57_50_NOD2_SF_159_L001_R1_001.fastq.gz	50_57_50_NOD2_SF_159_L001_R2_001.fastq.gz				
SRR9913697	SRP217602	new	PRJNA559026	SAMN12511667	515250	51_52_50_NOD2_SF	16S rRNA of rewilded mouse: adult stool	AMPLICON	METAGENOMIC	PCR	paired	ILLUMINA	Illumina MiSeq	DNA isolation from stool samples was done using the NucleospinSoil Kit (Macherey-Nagel). Bacterial 16S rRNA gene was amplified at the V4 region using primer pairsand paired-end amplicon sequencing was performed on the Illumina MiSeq system.	fastq	51_52_50_NOD2_SF_19_L001_R1_001.fastq.gz	51_52_50_NOD2_SF_19_L001_R2_001.fastq.gz				
SRR9913667	SRP217602	new	PRJNA559026	SAMN12511668	515253	51_52_53_NOD2_SF	16S rRNA of rewilded mouse: adult stool	AMPLICON	METAGENOMIC	PCR	paired	ILLUMINA	Illumina MiSeq	DNA isolation from stool samples was done using the NucleospinSoil Kit (Macherey-Nagel). Bacterial 16S rRNA gene was amplified at the V4 region using primer pairsand paired-end amplicon sequencing was performed on the Illumina MiSeq system.	fastq	51_52_53_NOD2_SF_18_L001_R1_001.fastq.gz	51_52_53_NOD2_SF_18_L001_R2_001.fastq.gz				
SRR9913668	SRP217602	new	PRJNA559026	SAMN12511669	515753	51_57_53_NOD2_SF	16S rRNA of rewilded mouse: adult stool	AMPLICON	METAGENOMIC	PCR	paired	ILLUMINA	Illumina MiSeq	DNA isolation from stool samples was done using the NucleospinSoil Kit (Macherey-Nagel). Bacterial 16S rRNA gene was amplified at the V4 region using primer pairsand paired-end amplicon sequencing was performed on the Illumina MiSeq system.	fastq	51_57_53_NOD2_SF_115_L001_R1_001.fastq.gz	51_57_53_NOD2_SF_115_L001_R2_001.fastq.gz				
SRR9913669	SRP217602	new	PRJNA559026	SAMN12511670	514851	51_48_51_NOD2_SF	16S rRNA of rewilded mouse: adult stool	AMPLICON	METAGENOMIC	PCR	paired	ILLUMINA	Illumina MiSeq	DNA isolation from stool samples was done using the NucleospinSoil Kit (Macherey-Nagel). Bacterial 16S rRNA gene was amplified at the V4 region using primer pairsand paired-end amplicon sequencing was performed on the Illumina MiSeq system.	fastq	51_48_51_NOD2_SF_16_L001_R1_001.fastq.gz	51_48_51_NOD2_SF_16_L001_R2_001.fastq.gz				
SRR9913670	SRP217602	new	PRJNA559026	SAMN12511671	515152	51_51_52_NOD2_SF	16S rRNA of rewilded mouse: adult stool	AMPLICON	METAGENOMIC	PCR	paired	ILLUMINA	Illumina MiSeq	DNA isolation from stool samples was done using the NucleospinSoil Kit (Macherey-Nagel). Bacterial 16S rRNA gene was amplified at the V4 region using primer pairsand paired-end amplicon sequencing was performed on the Illumina MiSeq system.	fastq	51_51_52_NOD2_SF_97_L001_R1_001.fastq.gz	51_51_52_NOD2_SF_97_L001_R2_001.fastq.gz				
SRR9913636	SRP217602	new	PRJNA559026	SAMN12511672	505153	50_51_53_NOD2_SF	16S rRNA of rewilded mouse: adult stool	AMPLICON	METAGENOMIC	PCR	paired	ILLUMINA	Illumina MiSeq	DNA isolation from stool samples was done using the NucleospinSoil Kit (Macherey-Nagel). Bacterial 16S rRNA gene was amplified at the V4 region using primer pairsand paired-end amplicon sequencing was performed on the Illumina MiSeq system.	fastq	50_51_53_NOD2_SF_55_L001_R1_001.fastq.gz	50_51_53_NOD2_SF_55_L001_R2_001.fastq.gz				
SRR9913675	SRP217602	new	PRJNA559026	SAMN12511673	504848	50_48_48_NOD2_SF	16S rRNA of rewilded mouse: adult stool	AMPLICON	METAGENOMIC	PCR	paired	ILLUMINA	Illumina MiSeq	DNA isolation from stool samples was done using the NucleospinSoil Kit (Macherey-Nagel). Bacterial 16S rRNA gene was amplified at the V4 region using primer pairsand paired-end amplicon sequencing was performed on the Illumina MiSeq system.	fastq	50_48_48_NOD2_SF_170_L001_R1_001.fastq.gz	50_48_48_NOD2_SF_170_L001_R2_001.fastq.gz				
SRR9913731	SRP217602	new	PRJNA559026	SAMN12511674	505752	50_57_52_NOD2_SF	16S rRNA of rewilded mouse: adult stool	AMPLICON	METAGENOMIC	PCR	paired	ILLUMINA	Illumina MiSeq	DNA isolation from stool samples was done using the NucleospinSoil Kit (Macherey-Nagel). Bacterial 16S rRNA gene was amplified at the V4 region using primer pairsand paired-end amplicon sequencing was performed on the Illumina MiSeq system.	fastq	50_57_52_NOD2_SF_32_L001_R1_001.fastq.gz	50_57_52_NOD2_SF_32_L001_R2_001.fastq.gz				
SRR9913730	SRP217602	new	PRJNA559026	SAMN12511675	515555	51_55_55_NOD2_SF	16S rRNA of rewilded mouse: adult stool	AMPLICON	METAGENOMIC	PCR	paired	ILLUMINA	Illumina MiSeq	DNA isolation from stool samples was done using the NucleospinSoil Kit (Macherey-Nagel). Bacterial 16S rRNA gene was amplified at the V4 region using primer pairsand paired-end amplicon sequencing was performed on the Illumina MiSeq system.	fastq	51_55_55_NOD2_SF_39_L001_R1_001.fastq.gz	51_55_55_NOD2_SF_39_L001_R2_001.fastq.gz				
SRR9913729	SRP217602	new	PRJNA559026	SAMN12511676	514855	51_48_55_NOD2_SF	16S rRNA of rewilded mouse: adult stool	AMPLICON	METAGENOMIC	PCR	paired	ILLUMINA	Illumina MiSeq	DNA isolation from stool samples was done using the NucleospinSoil Kit (Macherey-Nagel). Bacterial 16S rRNA gene was amplified at the V4 region using primer pairsand paired-end amplicon sequencing was performed on the Illumina MiSeq system.	fastq	51_48_55_NOD2_SF_3_L001_R1_001.fastq.gz	51_48_55_NOD2_SF_3_L001_R2_001.fastq.gz				
SRR9913728	SRP217602	new	PRJNA559026	SAMN12511677	505248	50_52_48_NOD2_SF	16S rRNA of rewilded mouse: adult stool	AMPLICON	METAGENOMIC	PCR	paired	ILLUMINA	Illumina MiSeq	DNA isolation from stool samples was done using the NucleospinSoil Kit (Macherey-Nagel). Bacterial 16S rRNA gene was amplified at the V4 region using primer pairsand paired-end amplicon sequencing was performed on the Illumina MiSeq system.	fastq	50_52_48_NOD2_SF_141_L001_R1_001.fastq.gz	50_52_48_NOD2_SF_141_L001_R2_001.fastq.gz				
SRR9913735	SRP217602	new	PRJNA559026	SAMN12511678	514949	51_49_49_NOD2_SF	16S rRNA of rewilded mouse: adult stool	AMPLICON	METAGENOMIC	PCR	paired	ILLUMINA	Illumina MiSeq	DNA isolation from stool samples was done using the NucleospinSoil Kit (Macherey-Nagel). Bacterial 16S rRNA gene was amplified at the V4 region using primer pairsand paired-end amplicon sequencing was performed on the Illumina MiSeq system.	fastq	51_49_49_NOD2_SF_86_L001_R1_001.fastq.gz	51_49_49_NOD2_SF_86_L001_R2_001.fastq.gz				
SRR9913734	SRP217602	new	PRJNA559026	SAMN12511679	515249	51_52_49_NOD2_SF	16S rRNA of rewilded mouse: adult stool	AMPLICON	METAGENOMIC	PCR	paired	ILLUMINA	Illumina MiSeq	DNA isolation from stool samples was done using the NucleospinSoil Kit (Macherey-Nagel). Bacterial 16S rRNA gene was amplified at the V4 region using primer pairsand paired-end amplicon sequencing was performed on the Illumina MiSeq system.	fastq	51_52_49_NOD2_SF_117_L001_R1_001.fastq.gz	51_52_49_NOD2_SF_117_L001_R2_001.fastq.gz				
SRR9913733	SRP217602	new	PRJNA559026	SAMN12511680	505050	50_50_50_NOD2_SF	16S rRNA of rewilded mouse: adult stool	AMPLICON	METAGENOMIC	PCR	paired	ILLUMINA	Illumina MiSeq	DNA isolation from stool samples was done using the NucleospinSoil Kit (Macherey-Nagel). Bacterial 16S rRNA gene was amplified at the V4 region using primer pairsand paired-end amplicon sequencing was performed on the Illumina MiSeq system.	fastq	50_50_50_NOD2_SF_10_L001_R1_001.fastq.gz	50_50_50_NOD2_SF_10_L001_R2_001.fastq.gz				
SRR9913732	SRP217602	new	PRJNA559026	SAMN12511681	505057	50_50_57_NOD2_SF	16S rRNA of rewilded mouse: adult stool	AMPLICON	METAGENOMIC	PCR	paired	ILLUMINA	Illumina MiSeq	DNA isolation from stool samples was done using the NucleospinSoil Kit (Macherey-Nagel). Bacterial 16S rRNA gene was amplified at the V4 region using primer pairsand paired-end amplicon sequencing was performed on the Illumina MiSeq system.	fastq	50_50_57_NOD2_SF_37_L001_R1_001.fastq.gz	50_50_57_NOD2_SF_37_L001_R2_001.fastq.gz				
SRR9913737	SRP217602	new	PRJNA559026	SAMN12511682	515055	51_50_55_NOD2_SF	16S rRNA of rewilded mouse: adult stool	AMPLICON	METAGENOMIC	PCR	paired	ILLUMINA	Illumina MiSeq	DNA isolation from stool samples was done using the NucleospinSoil Kit (Macherey-Nagel). Bacterial 16S rRNA gene was amplified at the V4 region using primer pairsand paired-end amplicon sequencing was performed on the Illumina MiSeq system.	fastq	51_50_55_NOD2_SF_139_L001_R1_001.fastq.gz	51_50_55_NOD2_SF_139_L001_R2_001.fastq.gz				
SRR9913736	SRP217602	new	PRJNA559026	SAMN12511683	505155	50_51_55_NOD2_SF	16S rRNA of rewilded mouse: adult stool	AMPLICON	METAGENOMIC	PCR	paired	ILLUMINA	Illumina MiSeq	DNA isolation from stool samples was done using the NucleospinSoil Kit (Macherey-Nagel). Bacterial 16S rRNA gene was amplified at the V4 region using primer pairsand paired-end amplicon sequencing was performed on the Illumina MiSeq system.	fastq	50_51_55_NOD2_SF_147_L001_R1_001.fastq.gz	50_51_55_NOD2_SF_147_L001_R2_001.fastq.gz				
SRR9913702	SRP217602	new	PRJNA559026	SAMN12511684	515356	51_53_56_NOD2_SF	16S rRNA of rewilded mouse: adult stool	AMPLICON	METAGENOMIC	PCR	paired	ILLUMINA	Illumina MiSeq	DNA isolation from stool samples was done using the NucleospinSoil Kit (Macherey-Nagel). Bacterial 16S rRNA gene was amplified at the V4 region using primer pairsand paired-end amplicon sequencing was performed on the Illumina MiSeq system.	fastq	51_53_56_NOD2_SF_164_L001_R1_001.fastq.gz	51_53_56_NOD2_SF_164_L001_R2_001.fastq.gz				
SRR9913703	SRP217602	new	PRJNA559026	SAMN12511685	515453	51_54_53_NOD2_SF	16S rRNA of rewilded mouse: adult stool	AMPLICON	METAGENOMIC	PCR	paired	ILLUMINA	Illumina MiSeq	DNA isolation from stool samples was done using the NucleospinSoil Kit (Macherey-Nagel). Bacterial 16S rRNA gene was amplified at the V4 region using primer pairsand paired-end amplicon sequencing was performed on the Illumina MiSeq system.	fastq	51_54_53_NOD2_SF_98_L001_R1_001.fastq.gz	51_54_53_NOD2_SF_98_L001_R2_001.fastq.gz				
SRR9913704	SRP217602	new	PRJNA559026	SAMN12511686	505154	50_51_54_NOD2_SF	16S rRNA of rewilded mouse: adult stool	AMPLICON	METAGENOMIC	PCR	paired	ILLUMINA	Illumina MiSeq	DNA isolation from stool samples was done using the NucleospinSoil Kit (Macherey-Nagel). Bacterial 16S rRNA gene was amplified at the V4 region using primer pairsand paired-end amplicon sequencing was performed on the Illumina MiSeq system.	fastq	50_51_54_NOD2_SF_134_L001_R1_001.fastq.gz	50_51_54_NOD2_SF_134_L001_R2_001.fastq.gz				
SRR9913705	SRP217602	new	PRJNA559026	SAMN12511687	504851	50_48_51_NOD2_SF	16S rRNA of rewilded mouse: adult stool	AMPLICON	METAGENOMIC	PCR	paired	ILLUMINA	Illumina MiSeq	DNA isolation from stool samples was done using the NucleospinSoil Kit (Macherey-Nagel). Bacterial 16S rRNA gene was amplified at the V4 region using primer pairsand paired-end amplicon sequencing was performed on the Illumina MiSeq system.	fastq	50_48_51_NOD2_SF_92_L001_R1_001.fastq.gz	50_48_51_NOD2_SF_92_L001_R2_001.fastq.gz				
SRR9913698	SRP217602	new	PRJNA559026	SAMN12511688	505352	50_53_52_NOD2_SF	16S rRNA of rewilded mouse: adult stool	AMPLICON	METAGENOMIC	PCR	paired	ILLUMINA	Illumina MiSeq	DNA isolation from stool samples was done using the NucleospinSoil Kit (Macherey-Nagel). Bacterial 16S rRNA gene was amplified at the V4 region using primer pairsand paired-end amplicon sequencing was performed on the Illumina MiSeq system.	fastq	50_53_52_NOD2_SF_24_L001_R1_001.fastq.gz	50_53_52_NOD2_SF_24_L001_R2_001.fastq.gz				
SRR9913699	SRP217602	new	PRJNA559026	SAMN12511689	504948	50_49_48_AtgH_SF	16S rRNA of rewilded mouse: adult stool	AMPLICON	METAGENOMIC	PCR	paired	ILLUMINA	Illumina MiSeq	DNA isolation from stool samples was done using the NucleospinSoil Kit (Macherey-Nagel). Bacterial 16S rRNA gene was amplified at the V4 region using primer pairsand paired-end amplicon sequencing was performed on the Illumina MiSeq system.	fastq	50_49_48_AtgH_SF_11_L001_R1_001.fastq.gz	50_49_48_AtgH_SF_11_L001_R2_001.fastq.gz				
SRR9913700	SRP217602	new	PRJNA559026	SAMN12511690	515652	51_56_52_AtgH_SF	16S rRNA of rewilded mouse: adult stool	AMPLICON	METAGENOMIC	PCR	paired	ILLUMINA	Illumina MiSeq	DNA isolation from stool samples was done using the NucleospinSoil Kit (Macherey-Nagel). Bacterial 16S rRNA gene was amplified at the V4 region using primer pairsand paired-end amplicon sequencing was performed on the Illumina MiSeq system.	fastq	51_56_52_AtgH_SF_132_L001_R1_001.fastq.gz	51_56_52_AtgH_SF_132_L001_R2_001.fastq.gz				
SRR9913701	SRP217602	new	PRJNA559026	SAMN12511691	515656	51_56_56_AtgH_SF	16S rRNA of rewilded mouse: adult stool	AMPLICON	METAGENOMIC	PCR	paired	ILLUMINA	Illumina MiSeq	DNA isolation from stool samples was done using the NucleospinSoil Kit (Macherey-Nagel). Bacterial 16S rRNA gene was amplified at the V4 region using primer pairsand paired-end amplicon sequencing was performed on the Illumina MiSeq system.	fastq	51_56_56_AtgH_SF_169_L001_R1_001.fastq.gz	51_56_56_AtgH_SF_169_L001_R2_001.fastq.gz				
SRR9913706	SRP217602	new	PRJNA559026	SAMN12511692	515056	51_50_56_AtgH_SF	16S rRNA of rewilded mouse: adult stool	AMPLICON	METAGENOMIC	PCR	paired	ILLUMINA	Illumina MiSeq	DNA isolation from stool samples was done using the NucleospinSoil Kit (Macherey-Nagel). Bacterial 16S rRNA gene was amplified at the V4 region using primer pairsand paired-end amplicon sequencing was performed on the Illumina MiSeq system.	fastq	51_50_56_AtgH_SF_30_L001_R1_001.fastq.gz	51_50_56_AtgH_SF_30_L001_R2_001.fastq.gz				
SRR9913707	SRP217602	new	PRJNA559026	SAMN12511693	505152	50_51_52_AtgH_SF	16S rRNA of rewilded mouse: adult stool	AMPLICON	METAGENOMIC	PCR	paired	ILLUMINA	Illumina MiSeq	DNA isolation from stool samples was done using the NucleospinSoil Kit (Macherey-Nagel). Bacterial 16S rRNA gene was amplified at the V4 region using primer pairsand paired-end amplicon sequencing was performed on the Illumina MiSeq system.	fastq	50_51_52_AtgH_SF_69_L001_R1_001.fastq.gz	50_51_52_AtgH_SF_69_L001_R2_001.fastq.gz				
SRR9913633	SRP217602	new	PRJNA559026	SAMN12511694	505751	50_57_51_AtgH_SF	16S rRNA of rewilded mouse: adult stool	AMPLICON	METAGENOMIC	PCR	paired	ILLUMINA	Illumina MiSeq	DNA isolation from stool samples was done using the NucleospinSoil Kit (Macherey-Nagel). Bacterial 16S rRNA gene was amplified at the V4 region using primer pairsand paired-end amplicon sequencing was performed on the Illumina MiSeq system.	fastq	50_57_51_AtgH_SF_104_L001_R1_001.fastq.gz	50_57_51_AtgH_SF_104_L001_R2_001.fastq.gz				
SRR9913632	SRP217602	new	PRJNA559026	SAMN12511695	505553	50_55_53_AtgH_SF	16S rRNA of rewilded mouse: adult stool	AMPLICON	METAGENOMIC	PCR	paired	ILLUMINA	Illumina MiSeq	DNA isolation from stool samples was done using the NucleospinSoil Kit (Macherey-Nagel). Bacterial 16S rRNA gene was amplified at the V4 region using primer pairsand paired-end amplicon sequencing was performed on the Illumina MiSeq system.	fastq	50_55_53_AtgH_SF_47_L001_R1_001.fastq.gz	50_55_53_AtgH_SF_47_L001_R2_001.fastq.gz				
SRR9913635	SRP217602	new	PRJNA559026	SAMN12511696	505554	50_55_54_AtgH_SF	16S rRNA of rewilded mouse: adult stool	AMPLICON	METAGENOMIC	PCR	paired	ILLUMINA	Illumina MiSeq	DNA isolation from stool samples was done using the NucleospinSoil Kit (Macherey-Nagel). Bacterial 16S rRNA gene was amplified at the V4 region using primer pairsand paired-end amplicon sequencing was performed on the Illumina MiSeq system.	fastq	50_55_54_AtgH_SF_130_L001_R1_001.fastq.gz	50_55_54_AtgH_SF_130_L001_R2_001.fastq.gz				
SRR9913634	SRP217602	new	PRJNA559026	SAMN12511697	505756	50_57_56_AtgH_SF	16S rRNA of rewilded mouse: adult stool	AMPLICON	METAGENOMIC	PCR	paired	ILLUMINA	Illumina MiSeq	DNA isolation from stool samples was done using the NucleospinSoil Kit (Macherey-Nagel). Bacterial 16S rRNA gene was amplified at the V4 region using primer pairsand paired-end amplicon sequencing was performed on the Illumina MiSeq system.	fastq	50_57_56_AtgH_SF_178_L001_R1_001.fastq.gz	50_57_56_AtgH_SF_178_L001_R2_001.fastq.gz				
SRR9913629	SRP217602	new	PRJNA559026	SAMN12511698	505055	50_50_55_AtgH_SF	16S rRNA of rewilded mouse: adult stool	AMPLICON	METAGENOMIC	PCR	paired	ILLUMINA	Illumina MiSeq	DNA isolation from stool samples was done using the NucleospinSoil Kit (Macherey-Nagel). Bacterial 16S rRNA gene was amplified at the V4 region using primer pairsand paired-end amplicon sequencing was performed on the Illumina MiSeq system.	fastq	50_50_55_AtgH_SF_152_L001_R1_001.fastq.gz	50_50_55_AtgH_SF_152_L001_R2_001.fastq.gz				
SRR9913628	SRP217602	new	PRJNA559026	SAMN12511699	505548	50_55_48_AtgH_SF	16S rRNA of rewilded mouse: adult stool	AMPLICON	METAGENOMIC	PCR	paired	ILLUMINA	Illumina MiSeq	DNA isolation from stool samples was done using the NucleospinSoil Kit (Macherey-Nagel). Bacterial 16S rRNA gene was amplified at the V4 region using primer pairsand paired-end amplicon sequencing was performed on the Illumina MiSeq system.	fastq	50_55_48_AtgH_SF_176_L001_R1_001.fastq.gz	50_55_48_AtgH_SF_176_L001_R2_001.fastq.gz				
SRR9913631	SRP217602	new	PRJNA559026	SAMN12511700	515149	51_51_49_AtgH_SF	16S rRNA of rewilded mouse: adult stool	AMPLICON	METAGENOMIC	PCR	paired	ILLUMINA	Illumina MiSeq	DNA isolation from stool samples was done using the NucleospinSoil Kit (Macherey-Nagel). Bacterial 16S rRNA gene was amplified at the V4 region using primer pairsand paired-end amplicon sequencing was performed on the Illumina MiSeq system.	fastq	51_51_49_AtgH_SF_9_L001_R1_001.fastq.gz	51_51_49_AtgH_SF_9_L001_R2_001.fastq.gz				
SRR9913630	SRP217602	new	PRJNA559026	SAMN12511701	515054	51_50_54_AtgH_SF	16S rRNA of rewilded mouse: adult stool	AMPLICON	METAGENOMIC	PCR	paired	ILLUMINA	Illumina MiSeq	DNA isolation from stool samples was done using the NucleospinSoil Kit (Macherey-Nagel). Bacterial 16S rRNA gene was amplified at the V4 region using primer pairsand paired-end amplicon sequencing was performed on the Illumina MiSeq system.	fastq	51_50_54_AtgH_SF_12_L001_R1_001.fastq.gz	51_50_54_AtgH_SF_12_L001_R2_001.fastq.gz				
SRR9913627	SRP217602	new	PRJNA559026	SAMN12511702	505149	50_51_49_AtgH_SF	16S rRNA of rewilded mouse: adult stool	AMPLICON	METAGENOMIC	PCR	paired	ILLUMINA	Illumina MiSeq	DNA isolation from stool samples was done using the NucleospinSoil Kit (Macherey-Nagel). Bacterial 16S rRNA gene was amplified at the V4 region using primer pairsand paired-end amplicon sequencing was performed on the Illumina MiSeq system.	fastq	50_51_49_AtgH_SF_151_L001_R1_001.fastq.gz	50_51_49_AtgH_SF_151_L001_R2_001.fastq.gz				
SRR9913626	SRP217602	new	PRJNA559026	SAMN12511703	504951	50_49_51_AtgH_SF	16S rRNA of rewilded mouse: adult stool	AMPLICON	METAGENOMIC	PCR	paired	ILLUMINA	Illumina MiSeq	DNA isolation from stool samples was done using the NucleospinSoil Kit (Macherey-Nagel). Bacterial 16S rRNA gene was amplified at the V4 region using primer pairsand paired-end amplicon sequencing was performed on the Illumina MiSeq system.	fastq	50_49_51_AtgH_SF_95_L001_R1_001.fastq.gz	50_49_51_AtgH_SF_95_L001_R2_001.fastq.gz				
SRR9913604	SRP217602	new	PRJNA559026	SAMN12511704	505355	50_53_55_AtgH_SF	16S rRNA of rewilded mouse: adult stool	AMPLICON	METAGENOMIC	PCR	paired	ILLUMINA	Illumina MiSeq	DNA isolation from stool samples was done using the NucleospinSoil Kit (Macherey-Nagel). Bacterial 16S rRNA gene was amplified at the V4 region using primer pairsand paired-end amplicon sequencing was performed on the Illumina MiSeq system.	fastq	50_53_55_AtgH_SF_94_L001_R1_001.fastq.gz	50_53_55_AtgH_SF_94_L001_R2_001.fastq.gz				
SRR9913605	SRP217602	new	PRJNA559026	SAMN12511705	514951	51_49_51_AtgH_SF	16S rRNA of rewilded mouse: adult stool	AMPLICON	METAGENOMIC	PCR	paired	ILLUMINA	Illumina MiSeq	DNA isolation from stool samples was done using the NucleospinSoil Kit (Macherey-Nagel). Bacterial 16S rRNA gene was amplified at the V4 region using primer pairsand paired-end amplicon sequencing was performed on the Illumina MiSeq system.	fastq	51_49_51_AtgH_SF_118_L001_R1_001.fastq.gz	51_49_51_AtgH_SF_118_L001_R2_001.fastq.gz				
SRR9913602	SRP217602	new	PRJNA559026	SAMN12511706	515757	51_57_57_AtgH_SF	16S rRNA of rewilded mouse: adult stool	AMPLICON	METAGENOMIC	PCR	paired	ILLUMINA	Illumina MiSeq	DNA isolation from stool samples was done using the NucleospinSoil Kit (Macherey-Nagel). Bacterial 16S rRNA gene was amplified at the V4 region using primer pairsand paired-end amplicon sequencing was performed on the Illumina MiSeq system.	fastq	51_57_57_AtgH_SF_36_L001_R1_001.fastq.gz	51_57_57_AtgH_SF_36_L001_R2_001.fastq.gz				
SRR9913603	SRP217602	new	PRJNA559026	SAMN12511707	504853	50_48_53_AtgH_SF	16S rRNA of rewilded mouse: adult stool	AMPLICON	METAGENOMIC	PCR	paired	ILLUMINA	Illumina MiSeq	DNA isolation from stool samples was done using the NucleospinSoil Kit (Macherey-Nagel). Bacterial 16S rRNA gene was amplified at the V4 region using primer pairsand paired-end amplicon sequencing was performed on the Illumina MiSeq system.	fastq	50_48_53_AtgH_SF_71_L001_R1_001.fastq.gz	50_48_53_AtgH_SF_71_L001_R2_001.fastq.gz				
SRR9913600	SRP217602	new	PRJNA559026	SAMN12511708	514957	51_49_57_AtgH_SF	16S rRNA of rewilded mouse: adult stool	AMPLICON	METAGENOMIC	PCR	paired	ILLUMINA	Illumina MiSeq	DNA isolation from stool samples was done using the NucleospinSoil Kit (Macherey-Nagel). Bacterial 16S rRNA gene was amplified at the V4 region using primer pairsand paired-end amplicon sequencing was performed on the Illumina MiSeq system.	fastq	51_49_57_AtgH_SF_174_L001_R1_001.fastq.gz	51_49_57_AtgH_SF_174_L001_R2_001.fastq.gz				
SRR9913601	SRP217602	new	PRJNA559026	SAMN12511709	515155	51_51_55_AtgH_SF	16S rRNA of rewilded mouse: adult stool	AMPLICON	METAGENOMIC	PCR	paired	ILLUMINA	Illumina MiSeq	DNA isolation from stool samples was done using the NucleospinSoil Kit (Macherey-Nagel). Bacterial 16S rRNA gene was amplified at the V4 region using primer pairsand paired-end amplicon sequencing was performed on the Illumina MiSeq system.	fastq	51_51_55_AtgH_SF_85_L001_R1_001.fastq.gz	51_51_55_AtgH_SF_85_L001_R2_001.fastq.gz				
SRR9913598	SRP217602	new	PRJNA559026	SAMN12511710	505656	50_56_56_AtgH_SF	16S rRNA of rewilded mouse: adult stool	AMPLICON	METAGENOMIC	PCR	paired	ILLUMINA	Illumina MiSeq	DNA isolation from stool samples was done using the NucleospinSoil Kit (Macherey-Nagel). Bacterial 16S rRNA gene was amplified at the V4 region using primer pairsand paired-end amplicon sequencing was performed on the Illumina MiSeq system.	fastq	50_56_56_AtgH_SF_43_L001_R1_001.fastq.gz	50_56_56_AtgH_SF_43_L001_R2_001.fastq.gz				
SRR9913599	SRP217602	new	PRJNA559026	SAMN12511711	515350	51_53_50_AtgH_SF	16S rRNA of rewilded mouse: adult stool	AMPLICON	METAGENOMIC	PCR	paired	ILLUMINA	Illumina MiSeq	DNA isolation from stool samples was done using the NucleospinSoil Kit (Macherey-Nagel). Bacterial 16S rRNA gene was amplified at the V4 region using primer pairsand paired-end amplicon sequencing was performed on the Illumina MiSeq system.	fastq	51_53_50_AtgH_SF_149_L001_R1_001.fastq.gz	51_53_50_AtgH_SF_149_L001_R2_001.fastq.gz				
SRR9913596	SRP217602	new	PRJNA559026	SAMN12511712	505648	50_56_48_AtgH_SF	16S rRNA of rewilded mouse: adult stool	AMPLICON	METAGENOMIC	PCR	paired	ILLUMINA	Illumina MiSeq	DNA isolation from stool samples was done using the NucleospinSoil Kit (Macherey-Nagel). Bacterial 16S rRNA gene was amplified at the V4 region using primer pairsand paired-end amplicon sequencing was performed on the Illumina MiSeq system.	fastq	50_56_48_AtgH_SF_103_L001_R1_001.fastq.gz	50_56_48_AtgH_SF_103_L001_R2_001.fastq.gz				
SRR9913597	SRP217602	new	PRJNA559026	SAMN12511713	505748	50_57_48_AtgE_SF	16S rRNA of rewilded mouse: adult stool	AMPLICON	METAGENOMIC	PCR	paired	ILLUMINA	Illumina MiSeq	DNA isolation from stool samples was done using the NucleospinSoil Kit (Macherey-Nagel). Bacterial 16S rRNA gene was amplified at the V4 region using primer pairsand paired-end amplicon sequencing was performed on the Illumina MiSeq system.	fastq	50_57_48_AtgE_SF_78_L001_R1_001.fastq.gz	50_57_48_AtgE_SF_78_L001_R2_001.fastq.gz				
SRR9913666	SRP217602	new	PRJNA559026	SAMN12511714	505054	50_50_54_AtgE_SF	16S rRNA of rewilded mouse: adult stool	AMPLICON	METAGENOMIC	PCR	paired	ILLUMINA	Illumina MiSeq	DNA isolation from stool samples was done using the NucleospinSoil Kit (Macherey-Nagel). Bacterial 16S rRNA gene was amplified at the V4 region using primer pairsand paired-end amplicon sequencing was performed on the Illumina MiSeq system.	fastq	50_50_54_AtgE_SF_187_L001_R1_001.fastq.gz	50_50_54_AtgE_SF_187_L001_R2_001.fastq.gz				
SRR9913665	SRP217602	new	PRJNA559026	SAMN12511715	515357	51_53_57_AtgE_SF	16S rRNA of rewilded mouse: adult stool	AMPLICON	METAGENOMIC	PCR	paired	ILLUMINA	Illumina MiSeq	DNA isolation from stool samples was done using the NucleospinSoil Kit (Macherey-Nagel). Bacterial 16S rRNA gene was amplified at the V4 region using primer pairsand paired-end amplicon sequencing was performed on the Illumina MiSeq system.	fastq	51_53_57_AtgE_SF_51_L001_R1_001.fastq.gz	51_53_57_AtgE_SF_51_L001_R2_001.fastq.gz				
SRR9913664	SRP217602	new	PRJNA559026	SAMN12511716	515057	51_50_57_AtgE_SF	16S rRNA of rewilded mouse: adult stool	AMPLICON	METAGENOMIC	PCR	paired	ILLUMINA	Illumina MiSeq	DNA isolation from stool samples was done using the NucleospinSoil Kit (Macherey-Nagel). Bacterial 16S rRNA gene was amplified at the V4 region using primer pairsand paired-end amplicon sequencing was performed on the Illumina MiSeq system.	fastq	51_50_57_AtgE_SF_82_L001_R1_001.fastq.gz	51_50_57_AtgE_SF_82_L001_R2_001.fastq.gz				
SRR9913663	SRP217602	new	PRJNA559026	SAMN12511717	505449	50_54_49_AtgE_SF	16S rRNA of rewilded mouse: adult stool	AMPLICON	METAGENOMIC	PCR	paired	ILLUMINA	Illumina MiSeq	DNA isolation from stool samples was done using the NucleospinSoil Kit (Macherey-Nagel). Bacterial 16S rRNA gene was amplified at the V4 region using primer pairsand paired-end amplicon sequencing was performed on the Illumina MiSeq system.	fastq	50_54_49_AtgE_SF_137_L001_R1_001.fastq.gz	50_54_49_AtgE_SF_137_L001_R2_001.fastq.gz				
SRR9913662	SRP217602	new	PRJNA559026	SAMN12511718	505349	50_53_49_AtgE_SF	16S rRNA of rewilded mouse: adult stool	AMPLICON	METAGENOMIC	PCR	paired	ILLUMINA	Illumina MiSeq	DNA isolation from stool samples was done using the NucleospinSoil Kit (Macherey-Nagel). Bacterial 16S rRNA gene was amplified at the V4 region using primer pairsand paired-end amplicon sequencing was performed on the Illumina MiSeq system.	fastq	50_53_49_AtgE_SF_182_L001_R1_001.fastq.gz	50_53_49_AtgE_SF_182_L001_R2_001.fastq.gz				
SRR9913661	SRP217602	new	PRJNA559026	SAMN12511719	505556	50_55_56_AtgE_SF	16S rRNA of rewilded mouse: adult stool	AMPLICON	METAGENOMIC	PCR	paired	ILLUMINA	Illumina MiSeq	DNA isolation from stool samples was done using the NucleospinSoil Kit (Macherey-Nagel). Bacterial 16S rRNA gene was amplified at the V4 region using primer pairsand paired-end amplicon sequencing was performed on the Illumina MiSeq system.	fastq	50_55_56_AtgE_SF_91_L001_R1_001.fastq.gz	50_55_56_AtgE_SF_91_L001_R2_001.fastq.gz				
SRR9913660	SRP217602	new	PRJNA559026	SAMN12511720	505350	50_53_50_AtgE_SF	16S rRNA of rewilded mouse: adult stool	AMPLICON	METAGENOMIC	PCR	paired	ILLUMINA	Illumina MiSeq	DNA isolation from stool samples was done using the NucleospinSoil Kit (Macherey-Nagel). Bacterial 16S rRNA gene was amplified at the V4 region using primer pairsand paired-end amplicon sequencing was performed on the Illumina MiSeq system.	fastq	50_53_50_AtgE_SF_146_L001_R1_001.fastq.gz	50_53_50_AtgE_SF_146_L001_R2_001.fastq.gz				
SRR9913659	SRP217602	new	PRJNA559026	SAMN12511721	505550	50_55_50_AtgE_SF	16S rRNA of rewilded mouse: adult stool	AMPLICON	METAGENOMIC	PCR	paired	ILLUMINA	Illumina MiSeq	DNA isolation from stool samples was done using the NucleospinSoil Kit (Macherey-Nagel). Bacterial 16S rRNA gene was amplified at the V4 region using primer pairsand paired-end amplicon sequencing was performed on the Illumina MiSeq system.	fastq	50_55_50_AtgE_SF_189_L001_R1_001.fastq.gz	50_55_50_AtgE_SF_189_L001_R2_001.fastq.gz				
SRR9913674	SRP217602	new	PRJNA559026	SAMN12511722	515550	51_55_50_AtgE_SF	16S rRNA of rewilded mouse: adult stool	AMPLICON	METAGENOMIC	PCR	paired	ILLUMINA	Illumina MiSeq	DNA isolation from stool samples was done using the NucleospinSoil Kit (Macherey-Nagel). Bacterial 16S rRNA gene was amplified at the V4 region using primer pairsand paired-end amplicon sequencing was performed on the Illumina MiSeq system.	fastq	51_55_50_AtgE_SF_119_L001_R1_001.fastq.gz	51_55_50_AtgE_SF_119_L001_R2_001.fastq.gz				
SRR9913673	SRP217602	new	PRJNA559026	SAMN12511723	514856	51_48_56_AtgE_SF	16S rRNA of rewilded mouse: adult stool	AMPLICON	METAGENOMIC	PCR	paired	ILLUMINA	Illumina MiSeq	DNA isolation from stool samples was done using the NucleospinSoil Kit (Macherey-Nagel). Bacterial 16S rRNA gene was amplified at the V4 region using primer pairsand paired-end amplicon sequencing was performed on the Illumina MiSeq system.	fastq	51_48_56_AtgE_SF_155_L001_R1_001.fastq.gz	51_48_56_AtgE_SF_155_L001_R2_001.fastq.gz				
SRR9913639	SRP217602	new	PRJNA559026	SAMN12511724	515150	51_51_50_AtgE_SF	16S rRNA of rewilded mouse: adult stool	AMPLICON	METAGENOMIC	PCR	paired	ILLUMINA	Illumina MiSeq	DNA isolation from stool samples was done using the NucleospinSoil Kit (Macherey-Nagel). Bacterial 16S rRNA gene was amplified at the V4 region using primer pairsand paired-end amplicon sequencing was performed on the Illumina MiSeq system.	fastq	51_51_50_AtgE_SF_173_L001_R1_001.fastq.gz	51_51_50_AtgE_SF_173_L001_R2_001.fastq.gz				
SRR9913640	SRP217602	new	PRJNA559026	SAMN12511725	515749	51_57_49_AtgE_SF	16S rRNA of rewilded mouse: adult stool	AMPLICON	METAGENOMIC	PCR	paired	ILLUMINA	Illumina MiSeq	DNA isolation from stool samples was done using the NucleospinSoil Kit (Macherey-Nagel). Bacterial 16S rRNA gene was amplified at the V4 region using primer pairsand paired-end amplicon sequencing was performed on the Illumina MiSeq system.	fastq	51_57_49_AtgE_SF_87_L001_R1_001.fastq.gz	51_57_49_AtgE_SF_87_L001_R2_001.fastq.gz				
SRR9913641	SRP217602	new	PRJNA559026	SAMN12511726	504950	50_49_50_AtgE_SF	16S rRNA of rewilded mouse: adult stool	AMPLICON	METAGENOMIC	PCR	paired	ILLUMINA	Illumina MiSeq	DNA isolation from stool samples was done using the NucleospinSoil Kit (Macherey-Nagel). Bacterial 16S rRNA gene was amplified at the V4 region using primer pairsand paired-end amplicon sequencing was performed on the Illumina MiSeq system.	fastq	50_49_50_AtgE_SF_123_L001_R1_001.fastq.gz	50_49_50_AtgE_SF_123_L001_R2_001.fastq.gz				
SRR9913642	SRP217602	new	PRJNA559026	SAMN12511727	515256	51_52_56_AtgE_SF	16S rRNA of rewilded mouse: adult stool	AMPLICON	METAGENOMIC	PCR	paired	ILLUMINA	Illumina MiSeq	DNA isolation from stool samples was done using the NucleospinSoil Kit (Macherey-Nagel). Bacterial 16S rRNA gene was amplified at the V4 region using primer pairsand paired-end amplicon sequencing was performed on the Illumina MiSeq system.	fastq	51_52_56_AtgE_SF_100_L001_R1_001.fastq.gz	51_52_56_AtgE_SF_100_L001_R2_001.fastq.gz				
SRR9913643	SRP217602	new	PRJNA559026	SAMN12511728	515756	51_57_56_AtgE_SF	16S rRNA of rewilded mouse: adult stool	AMPLICON	METAGENOMIC	PCR	paired	ILLUMINA	Illumina MiSeq	DNA isolation from stool samples was done using the NucleospinSoil Kit (Macherey-Nagel). Bacterial 16S rRNA gene was amplified at the V4 region using primer pairsand paired-end amplicon sequencing was performed on the Illumina MiSeq system.	fastq	51_57_56_AtgE_SF_63_L001_R1_001.fastq.gz	51_57_56_AtgE_SF_63_L001_R2_001.fastq.gz				
SRR9913644	SRP217602	new	PRJNA559026	SAMN12511729	505557	50_55_57_AtgE_SF	16S rRNA of rewilded mouse: adult stool	AMPLICON	METAGENOMIC	PCR	paired	ILLUMINA	Illumina MiSeq	DNA isolation from stool samples was done using the NucleospinSoil Kit (Macherey-Nagel). Bacterial 16S rRNA gene was amplified at the V4 region using primer pairsand paired-end amplicon sequencing was performed on the Illumina MiSeq system.	fastq	50_55_57_AtgE_SF_99_L001_R1_001.fastq.gz	50_55_57_AtgE_SF_99_L001_R2_001.fastq.gz				
SRR9913645	SRP217602	new	PRJNA559026	SAMN12511730	504852	50_48_52_AtgE_SF	16S rRNA of rewilded mouse: adult stool	AMPLICON	METAGENOMIC	PCR	paired	ILLUMINA	Illumina MiSeq	DNA isolation from stool samples was done using the NucleospinSoil Kit (Macherey-Nagel). Bacterial 16S rRNA gene was amplified at the V4 region using primer pairsand paired-end amplicon sequencing was performed on the Illumina MiSeq system.	fastq	50_48_52_AtgE_SF_192_L001_R1_001.fastq.gz	50_48_52_AtgE_SF_192_L001_R2_001.fastq.gz				
SRR9913646	SRP217602	new	PRJNA559026	SAMN12511731	505357	50_53_57_AtgE_SF	16S rRNA of rewilded mouse: adult stool	AMPLICON	METAGENOMIC	PCR	paired	ILLUMINA	Illumina MiSeq	DNA isolation from stool samples was done using the NucleospinSoil Kit (Macherey-Nagel). Bacterial 16S rRNA gene was amplified at the V4 region using primer pairsand paired-end amplicon sequencing was performed on the Illumina MiSeq system.	fastq	50_53_57_AtgE_SF_20_L001_R1_001.fastq.gz	50_53_57_AtgE_SF_20_L001_R2_001.fastq.gz				
SRR9913637	SRP217602	new	PRJNA559026	SAMN12511732	515653	51_56_53_AtgE_SF	16S rRNA of rewilded mouse: adult stool	AMPLICON	METAGENOMIC	PCR	paired	ILLUMINA	Illumina MiSeq	DNA isolation from stool samples was done using the NucleospinSoil Kit (Macherey-Nagel). Bacterial 16S rRNA gene was amplified at the V4 region using primer pairsand paired-end amplicon sequencing was performed on the Illumina MiSeq system.	fastq	51_56_53_AtgE_SF_125_L001_R1_001.fastq.gz	51_56_53_AtgE_SF_125_L001_R2_001.fastq.gz				
SRR9913638	SRP217602	new	PRJNA559026	SAMN12511733	505651	50_56_51_AtgE_SF	16S rRNA of rewilded mouse: adult stool	AMPLICON	METAGENOMIC	PCR	paired	ILLUMINA	Illumina MiSeq	DNA isolation from stool samples was done using the NucleospinSoil Kit (Macherey-Nagel). Bacterial 16S rRNA gene was amplified at the V4 region using primer pairsand paired-end amplicon sequencing was performed on the Illumina MiSeq system.	fastq	50_56_51_AtgE_SF_4_L001_R1_001.fastq.gz	50_56_51_AtgE_SF_4_L001_R2_001.fastq.gz				
SRR9913719	SRP217602	new	PRJNA559026	SAMN12511734	515254	51_52_54_AtgE_SF	16S rRNA of rewilded mouse: adult stool	AMPLICON	METAGENOMIC	PCR	paired	ILLUMINA	Illumina MiSeq	DNA isolation from stool samples was done using the NucleospinSoil Kit (Macherey-Nagel). Bacterial 16S rRNA gene was amplified at the V4 region using primer pairsand paired-end amplicon sequencing was performed on the Illumina MiSeq system.	fastq	51_52_54_AtgE_SF_77_L001_R1_001.fastq.gz	51_52_54_AtgE_SF_77_L001_R2_001.fastq.gz				
SRR9913718	SRP217602	new	PRJNA559026	SAMN12511735	515649	51_56_49_AtgE_SF	16S rRNA of rewilded mouse: adult stool	AMPLICON	METAGENOMIC	PCR	paired	ILLUMINA	Illumina MiSeq	DNA isolation from stool samples was done using the NucleospinSoil Kit (Macherey-Nagel). Bacterial 16S rRNA gene was amplified at the V4 region using primer pairsand paired-end amplicon sequencing was performed on the Illumina MiSeq system.	fastq	51_56_49_AtgE_SF_177_L001_R1_001.fastq.gz	51_56_49_AtgE_SF_177_L001_R2_001.fastq.gz				
SRR9913721	SRP217602	new	PRJNA559026	SAMN12511736	505253	50_52_53_AtgE_SF	16S rRNA of rewilded mouse: adult stool	AMPLICON	METAGENOMIC	PCR	paired	ILLUMINA	Illumina MiSeq	DNA isolation from stool samples was done using the NucleospinSoil Kit (Macherey-Nagel). Bacterial 16S rRNA gene was amplified at the V4 region using primer pairsand paired-end amplicon sequencing was performed on the Illumina MiSeq system.	fastq	50_52_53_AtgE_SF_2_L001_R1_001.fastq.gz	50_52_53_AtgE_SF_2_L001_R2_001.fastq.gz				
SRR9913720	SRP217602	new	PRJNA559026	SAMN12511737	505454	50_54_54_AtgE_SF	16S rRNA of rewilded mouse: adult stool	AMPLICON	METAGENOMIC	PCR	paired	ILLUMINA	Illumina MiSeq	DNA isolation from stool samples was done using the NucleospinSoil Kit (Macherey-Nagel). Bacterial 16S rRNA gene was amplified at the V4 region using primer pairsand paired-end amplicon sequencing was performed on the Illumina MiSeq system.	fastq	50_54_54_AtgE_SF_41_L001_R1_001.fastq.gz	50_54_54_AtgE_SF_41_L001_R2_001.fastq.gz				
SRR9913723	SRP217602	new	PRJNA559026	SAMN12511738	505356	50_53_56_AtgE_SF	16S rRNA of rewilded mouse: adult stool	AMPLICON	METAGENOMIC	PCR	paired	ILLUMINA	Illumina MiSeq	DNA isolation from stool samples was done using the NucleospinSoil Kit (Macherey-Nagel). Bacterial 16S rRNA gene was amplified at the V4 region using primer pairsand paired-end amplicon sequencing was performed on the Illumina MiSeq system.	fastq	50_53_56_AtgE_SF_154_L001_R1_001.fastq.gz	50_53_56_AtgE_SF_154_L001_R2_001.fastq.gz				
SRR9913722	SRP217602	new	PRJNA559026	SAMN12511739	505252	50_52_52_AtgE_SF	16S rRNA of rewilded mouse: adult stool	AMPLICON	METAGENOMIC	PCR	paired	ILLUMINA	Illumina MiSeq	DNA isolation from stool samples was done using the NucleospinSoil Kit (Macherey-Nagel). Bacterial 16S rRNA gene was amplified at the V4 region using primer pairsand paired-end amplicon sequencing was performed on the Illumina MiSeq system.	fastq	50_52_52_AtgE_SF_112_L001_R1_001.fastq.gz	50_52_52_AtgE_SF_112_L001_R2_001.fastq.gz				
SRR9913725	SRP217602	new	PRJNA559026	SAMN12511740	505453	50_54_53_AtgW_SF	16S rRNA of rewilded mouse: adult stool	AMPLICON	METAGENOMIC	PCR	paired	ILLUMINA	Illumina MiSeq	DNA isolation from stool samples was done using the NucleospinSoil Kit (Macherey-Nagel). Bacterial 16S rRNA gene was amplified at the V4 region using primer pairsand paired-end amplicon sequencing was performed on the Illumina MiSeq system.	fastq	50_54_53_AtgW_SF_186_L001_R1_001.fastq.gz	50_54_53_AtgW_SF_186_L001_R2_001.fastq.gz				
SRR9913724	SRP217602	new	PRJNA559026	SAMN12511741	515157	51_51_57_AtgW_SF	16S rRNA of rewilded mouse: adult stool	AMPLICON	METAGENOMIC	PCR	paired	ILLUMINA	Illumina MiSeq	DNA isolation from stool samples was done using the NucleospinSoil Kit (Macherey-Nagel). Bacterial 16S rRNA gene was amplified at the V4 region using primer pairsand paired-end amplicon sequencing was performed on the Illumina MiSeq system.	fastq	51_51_57_AtgW_SF_84_L001_R1_001.fastq.gz	51_51_57_AtgW_SF_84_L001_R2_001.fastq.gz				
SRR9913727	SRP217602	new	PRJNA559026	SAMN12511742	515353	51_53_53_AtgW_SF	16S rRNA of rewilded mouse: adult stool	AMPLICON	METAGENOMIC	PCR	paired	ILLUMINA	Illumina MiSeq	DNA isolation from stool samples was done using the NucleospinSoil Kit (Macherey-Nagel). Bacterial 16S rRNA gene was amplified at the V4 region using primer pairsand paired-end amplicon sequencing was performed on the Illumina MiSeq system.	fastq	51_53_53_AtgW_SF_145_L001_R1_001.fastq.gz	51_53_53_AtgW_SF_145_L001_R2_001.fastq.gz				
SRR9913726	SRP217602	new	PRJNA559026	SAMN12511743	504954	50_49_54_AtgW_SF	16S rRNA of rewilded mouse: adult stool	AMPLICON	METAGENOMIC	PCR	paired	ILLUMINA	Illumina MiSeq	DNA isolation from stool samples was done using the NucleospinSoil Kit (Macherey-Nagel). Bacterial 16S rRNA gene was amplified at the V4 region using primer pairsand paired-end amplicon sequencing was performed on the Illumina MiSeq system.	fastq	50_49_54_AtgW_SF_171_L001_R1_001.fastq.gz	50_49_54_AtgW_SF_171_L001_R2_001.fastq.gz				
SRR9913688	SRP217602	new	PRJNA559026	SAMN12511744	515750	51_57_50_AtgW_SF	16S rRNA of rewilded mouse: adult stool	AMPLICON	METAGENOMIC	PCR	paired	ILLUMINA	Illumina MiSeq	DNA isolation from stool samples was done using the NucleospinSoil Kit (Macherey-Nagel). Bacterial 16S rRNA gene was amplified at the V4 region using primer pairsand paired-end amplicon sequencing was performed on the Illumina MiSeq system.	fastq	51_57_50_AtgW_SF_180_L001_R1_001.fastq.gz	51_57_50_AtgW_SF_180_L001_R2_001.fastq.gz				
SRR9913689	SRP217602	new	PRJNA559026	SAMN12511745	505452	50_54_52_AtgW_SF	16S rRNA of rewilded mouse: adult stool	AMPLICON	METAGENOMIC	PCR	paired	ILLUMINA	Illumina MiSeq	DNA isolation from stool samples was done using the NucleospinSoil Kit (Macherey-Nagel). Bacterial 16S rRNA gene was amplified at the V4 region using primer pairsand paired-end amplicon sequencing was performed on the Illumina MiSeq system.	fastq	50_54_52_AtgW_SF_65_L001_R1_001.fastq.gz	50_54_52_AtgW_SF_65_L001_R2_001.fastq.gz				
SRR9913686	SRP217602	new	PRJNA559026	SAMN12511746	505749	50_57_49_AtgW_SF	16S rRNA of rewilded mouse: adult stool	AMPLICON	METAGENOMIC	PCR	paired	ILLUMINA	Illumina MiSeq	DNA isolation from stool samples was done using the NucleospinSoil Kit (Macherey-Nagel). Bacterial 16S rRNA gene was amplified at the V4 region using primer pairsand paired-end amplicon sequencing was performed on the Illumina MiSeq system.	fastq	50_57_49_AtgW_SF_53_L001_R1_001.fastq.gz	50_57_49_AtgW_SF_53_L001_R2_001.fastq.gz				
SRR9913687	SRP217602	new	PRJNA559026	SAMN12511747	515651	51_56_51_AtgW_SF	16S rRNA of rewilded mouse: adult stool	AMPLICON	METAGENOMIC	PCR	paired	ILLUMINA	Illumina MiSeq	DNA isolation from stool samples was done using the NucleospinSoil Kit (Macherey-Nagel). Bacterial 16S rRNA gene was amplified at the V4 region using primer pairsand paired-end amplicon sequencing was performed on the Illumina MiSeq system.	fastq	51_56_51_AtgW_SF_191_L001_R1_001.fastq.gz	51_56_51_AtgW_SF_191_L001_R2_001.fastq.gz				
SRR9913692	SRP217602	new	PRJNA559026	SAMN12511748	515748	51_57_48_AtgW_SF	16S rRNA of rewilded mouse: adult stool	AMPLICON	METAGENOMIC	PCR	paired	ILLUMINA	Illumina MiSeq	DNA isolation from stool samples was done using the NucleospinSoil Kit (Macherey-Nagel). Bacterial 16S rRNA gene was amplified at the V4 region using primer pairsand paired-end amplicon sequencing was performed on the Illumina MiSeq system.	fastq	51_57_48_AtgW_SF_124_L001_R1_001.fastq.gz	51_57_48_AtgW_SF_124_L001_R2_001.fastq.gz				
SRR9913693	SRP217602	new	PRJNA559026	SAMN12511749	515455	51_54_55_AtgW_SF	16S rRNA of rewilded mouse: adult stool	AMPLICON	METAGENOMIC	PCR	paired	ILLUMINA	Illumina MiSeq	DNA isolation from stool samples was done using the NucleospinSoil Kit (Macherey-Nagel). Bacterial 16S rRNA gene was amplified at the V4 region using primer pairsand paired-end amplicon sequencing was performed on the Illumina MiSeq system.	fastq	51_54_55_AtgW_SF_57_L001_R1_001.fastq.gz	51_54_55_AtgW_SF_57_L001_R2_001.fastq.gz				
SRR9913690	SRP217602	new	PRJNA559026	SAMN12511750	514857	51_48_57_AtgW_SF	16S rRNA of rewilded mouse: adult stool	AMPLICON	METAGENOMIC	PCR	paired	ILLUMINA	Illumina MiSeq	DNA isolation from stool samples was done using the NucleospinSoil Kit (Macherey-Nagel). Bacterial 16S rRNA gene was amplified at the V4 region using primer pairsand paired-end amplicon sequencing was performed on the Illumina MiSeq system.	fastq	51_48_57_AtgW_SF_172_L001_R1_001.fastq.gz	51_48_57_AtgW_SF_172_L001_R2_001.fastq.gz				
SRR9913691	SRP217602	new	PRJNA559026	SAMN12511751	514849	51_48_49_AtgW_SF	16S rRNA of rewilded mouse: adult stool	AMPLICON	METAGENOMIC	PCR	paired	ILLUMINA	Illumina MiSeq	DNA isolation from stool samples was done using the NucleospinSoil Kit (Macherey-Nagel). Bacterial 16S rRNA gene was amplified at the V4 region using primer pairsand paired-end amplicon sequencing was performed on the Illumina MiSeq system.	fastq	51_48_49_AtgW_SF_163_L001_R1_001.fastq.gz	51_48_49_AtgW_SF_163_L001_R2_001.fastq.gz				
SRR9913695	SRP217602	new	PRJNA559026	SAMN12511752	505652	50_56_52_AtgW_SF	16S rRNA of rewilded mouse: adult stool	AMPLICON	METAGENOMIC	PCR	paired	ILLUMINA	Illumina MiSeq	DNA isolation from stool samples was done using the NucleospinSoil Kit (Macherey-Nagel). Bacterial 16S rRNA gene was amplified at the V4 region using primer pairsand paired-end amplicon sequencing was performed on the Illumina MiSeq system.	fastq	50_56_52_AtgW_SF_116_L001_R1_001.fastq.gz	50_56_52_AtgW_SF_116_L001_R2_001.fastq.gz				
SRR9913696	SRP217602	new	PRJNA559026	SAMN12511753	505654	50_56_54_AtgW_SF	16S rRNA of rewilded mouse: adult stool	AMPLICON	METAGENOMIC	PCR	paired	ILLUMINA	Illumina MiSeq	DNA isolation from stool samples was done using the NucleospinSoil Kit (Macherey-Nagel). Bacterial 16S rRNA gene was amplified at the V4 region using primer pairsand paired-end amplicon sequencing was performed on the Illumina MiSeq system.	fastq	50_56_54_AtgW_SF_21_L001_R1_001.fastq.gz	50_56_54_AtgW_SF_21_L001_R2_001.fastq.gz				
SRR9913749	SRP217602	new	PRJNA559026	SAMN12511754	505049	50_50_49_AtgW_SF	16S rRNA of rewilded mouse: adult stool	AMPLICON	METAGENOMIC	PCR	paired	ILLUMINA	Illumina MiSeq	DNA isolation from stool samples was done using the NucleospinSoil Kit (Macherey-Nagel). Bacterial 16S rRNA gene was amplified at the V4 region using primer pairsand paired-end amplicon sequencing was performed on the Illumina MiSeq system.	fastq	50_50_49_AtgW_SF_64_L001_R1_001.fastq.gz	50_50_49_AtgW_SF_64_L001_R2_001.fastq.gz				
SRR9913748	SRP217602	new	PRJNA559026	SAMN12511755	505650	50_56_50_AtgW_SF	16S rRNA of rewilded mouse: adult stool	AMPLICON	METAGENOMIC	PCR	paired	ILLUMINA	Illumina MiSeq	DNA isolation from stool samples was done using the NucleospinSoil Kit (Macherey-Nagel). Bacterial 16S rRNA gene was amplified at the V4 region using primer pairsand paired-end amplicon sequencing was performed on the Illumina MiSeq system.	fastq	50_56_50_AtgW_SF_48_L001_R1_001.fastq.gz	50_56_50_AtgW_SF_48_L001_R2_001.fastq.gz				
SRR9913747	SRP217602	new	PRJNA559026	SAMN12511756	505048	50_50_48_AtgW_SF	16S rRNA of rewilded mouse: adult stool	AMPLICON	METAGENOMIC	PCR	paired	ILLUMINA	Illumina MiSeq	DNA isolation from stool samples was done using the NucleospinSoil Kit (Macherey-Nagel). Bacterial 16S rRNA gene was amplified at the V4 region using primer pairsand paired-end amplicon sequencing was performed on the Illumina MiSeq system.	fastq	50_50_48_AtgW_SF_131_L001_R1_001.fastq.gz	50_50_48_AtgW_SF_131_L001_R2_001.fastq.gz				
SRR9913746	SRP217602	new	PRJNA559026	SAMN12511757	504949	50_49_49_AtgW_SF	16S rRNA of rewilded mouse: adult stool	AMPLICON	METAGENOMIC	PCR	paired	ILLUMINA	Illumina MiSeq	DNA isolation from stool samples was done using the NucleospinSoil Kit (Macherey-Nagel). Bacterial 16S rRNA gene was amplified at the V4 region using primer pairsand paired-end amplicon sequencing was performed on the Illumina MiSeq system.	fastq	50_49_49_AtgW_SF_127_L001_R1_001.fastq.gz	50_49_49_AtgW_SF_127_L001_R2_001.fastq.gz				
